CompanyÂ _(Maker-if_known),Specific_Bean_Origin_or_Bar_Name,REF,Review_Date,Cocoa_Percent,Company_Location,Rating
0,0,1876,2016,63.0,0,3.75
0,1,1676,2015,70.0,0,2.75
0,2,1676,2015,70.0,0,3.0
0,3,1680,2015,70.0,0,3.5
0,4,1704,2015,70.0,0,3.5
0,5,1315,2014,70.0,0,2.75
0,6,1315,2014,70.0,0,3.5
0,7,1315,2014,70.0,0,3.5
0,8,1319,2014,70.0,0,3.75
0,9,1319,2014,70.0,0,4.0
0,10,1011,2013,70.0,0,2.75
0,11,1011,2013,70.0,0,3.0
0,12,1011,2013,70.0,0,3.25
0,13,1011,2013,70.0,0,3.75
0,14,1015,2013,70.0,0,2.75
0,15,1015,2013,70.0,0,3.0
0,16,1015,2013,70.0,0,3.25
0,17,1015,2013,70.0,0,4.0
0,18,1019,2013,70.0,0,3.25
0,19,1019,2013,70.0,0,3.5
0,19,1019,2013,63.0,0,4.0
0,20,797,2012,70.0,0,3.5
0,21,797,2012,63.0,0,3.75
1,22,1462,2015,70.0,1,3.75
1,23,1470,2015,70.0,1,3.75
2,24,705,2011,60.0,2,2.75
2,25,705,2011,80.0,2,3.25
2,24,705,2011,88.0,2,3.5
2,26,705,2011,72.0,2,3.5
3,27,370,2009,55.0,3,2.75
3,27,370,2009,70.0,3,3.0
4,28,316,2009,70.0,4,3.0
5,29,636,2011,75.0,5,3.75
5,30,502,2010,75.0,5,2.75
5,31,508,2010,75.0,5,2.75
6,32,1215,2014,65.0,0,2.75
6,33,1215,2014,75.0,0,2.75
6,11,1215,2014,75.0,0,3.0
6,17,1061,2013,75.0,0,2.5
6,34,1173,2013,75.0,0,2.5
7,35,1944,2017,70.0,6,3.5
7,36,1944,2017,70.0,6,3.5
7,37,1944,2017,70.0,6,3.5
7,38,1944,2017,70.0,6,3.5
8,39,1728,2016,60.0,1,2.75
8,40,1728,2016,60.0,1,3.0
8,41,1732,2016,60.0,1,2.5
8,42,1732,2016,60.0,1,2.5
8,43,1732,2016,60.0,1,2.75
8,7,1125,2013,60.0,1,2.5
8,44,1125,2013,60.0,1,3.0
8,20,1129,2013,80.0,1,3.25
8,20,1133,2013,60.0,1,3.0
8,21,1133,2013,60.0,1,3.25
9,45,725,2011,70.0,1,4.0
9,46,470,2010,70.0,1,3.75
9,47,470,2010,70.0,1,4.0
9,17,544,2010,70.0,1,3.0
9,48,363,2009,70.0,1,3.0
9,49,304,2008,70.0,1,2.75
9,11,129,2007,70.0,1,3.5
9,50,147,2007,70.0,1,3.0
9,51,175,2007,70.0,1,3.75
10,52,322,2009,70.0,7,3.0
10,53,327,2009,70.0,7,2.75
10,53,464,2009,85.0,7,2.75
10,52,464,2009,85.0,7,3.0
11,54,1145,2013,72.0,8,3.25
11,55,1145,2013,73.0,8,3.5
12,56,1494,2015,64.0,9,3.0
12,11,1494,2015,66.0,9,3.25
12,57,1498,2015,75.0,9,3.25
12,16,1498,2015,63.0,9,3.25
12,58,1498,2015,70.0,9,3.25
12,21,1498,2015,68.0,9,3.5
13,59,979,2012,70.0,10,3.75
13,60,111,2007,70.0,10,4.0
13,61,111,2007,75.0,10,4.0
13,17,111,2007,70.0,10,5.0
13,53,123,2007,70.0,10,3.0
13,62,123,2007,70.0,10,3.0
13,63,123,2007,70.0,10,3.5
13,58,123,2007,70.0,10,3.75
13,11,123,2007,70.0,10,4.0
13,64,129,2007,70.0,10,3.5
13,65,170,2007,63.0,10,3.5
13,65,40,2006,70.0,10,5.0
13,65,75,2006,66.0,10,4.0
14,66,1065,2013,75.0,11,3.25
14,67,572,2010,85.0,11,2.75
14,67,572,2010,50.0,11,3.75
14,67,572,2010,75.0,11,3.75
14,67,572,2010,60.0,11,4.0
15,68,1259,2014,75.0,1,3.0
16,69,1852,2016,75.0,1,3.5
17,11,1375,2014,75.0,0,3.0
17,70,1379,2014,72.0,0,2.5
17,13,1379,2014,75.0,0,2.75
17,71,1379,2014,75.0,0,3.0
18,72,1724,2016,70.0,1,3.5
18,73,1724,2016,70.0,1,3.75
18,37,1900,2016,73.0,1,3.5
18,74,1904,2016,70.0,1,3.25
18,75,1904,2016,70.0,1,3.25
18,76,1904,2016,70.0,1,3.5
18,77,1904,2016,70.0,1,3.75
18,78,1908,2016,70.0,1,3.5
18,79,1908,2016,70.0,1,4.0
18,80,1924,2016,70.0,1,4.0
18,68,1928,2016,70.0,1,3.75
18,81,1928,2016,70.0,1,3.25
18,82,1928,2016,73.0,1,3.25
18,83,1534,2015,70.0,1,3.5
18,84,1534,2015,68.0,1,3.5
18,85,1534,2015,70.0,1,3.75
18,86,1598,2015,70.0,1,3.5
18,87,1598,2015,70.0,1,3.75
18,88,1598,2015,70.0,1,4.0
18,83,1602,2015,75.0,1,2.75
18,89,1602,2015,70.0,1,3.25
18,90,1602,2015,75.0,1,3.5
19,91,1193,2013,72.0,12,3.25
19,92,947,2012,72.0,12,3.75
19,93,729,2011,72.0,12,4.0
19,10,745,2011,72.0,12,2.75
19,58,486,2010,100.0,12,1.75
19,62,531,2010,72.0,12,3.75
19,94,600,2010,72.0,12,3.25
19,95,600,2010,72.0,12,3.25
19,96,600,2010,72.0,12,3.5
19,97,355,2009,75.0,12,2.5
19,98,355,2009,72.0,12,2.75
19,99,363,2009,72.0,12,1.75
19,11,363,2009,80.0,12,3.0
19,21,363,2009,75.0,12,3.0
19,57,363,2009,72.0,12,3.25
19,100,300,2008,72.0,12,3.75
20,101,1181,2013,72.0,12,2.75
21,102,1780,2016,68.0,1,3.75
21,103,647,2011,72.0,1,3.75
21,104,661,2011,70.0,1,3.75
21,105,331,2009,77.0,1,3.75
21,106,141,2007,75.0,1,2.5
21,107,175,2007,70.0,1,3.0
22,108,1474,2015,80.0,13,3.25
22,16,1474,2015,70.0,13,3.5
22,109,995,2012,70.0,13,3.0
22,110,999,2012,70.0,13,2.5
22,108,999,2012,70.0,13,2.5
23,111,1454,2015,70.0,8,2.75
23,112,1454,2015,70.0,8,3.5
24,110,1554,2015,70.0,1,3.5
24,113,1295,2014,70.0,1,4.0
24,114,983,2012,70.0,1,3.25
24,70,983,2012,70.0,1,3.5
24,109,983,2012,70.0,1,3.75
25,115,955,2012,80.0,14,2.75
26,116,1840,2016,65.0,1,3.5
26,12,1868,2016,70.0,1,3.75
26,53,1880,2016,65.0,1,3.25
27,117,1948,2017,73.0,12,3.0
27,118,1948,2017,72.0,12,3.25
28,119,1784,2016,80.0,1,2.75
28,120,1784,2016,70.0,1,2.75
28,121,1784,2016,70.0,1,2.75
28,53,1788,2016,90.0,1,2.75
29,94,586,2010,64.0,15,2.75
29,16,586,2010,64.0,15,2.75
29,21,586,2010,64.0,15,2.75
29,53,586,2010,71.0,15,3.5
30,122,1800,2016,70.0,1,3.5
30,123,1804,2016,70.0,1,3.25
30,124,1864,2016,70.0,1,3.5
31,125,1768,2016,83.0,16,2.75
31,126,1768,2016,78.0,16,3.0
31,126,1768,2016,83.0,16,3.5
32,127,1141,2013,74.0,15,3.5
32,17,1141,2013,74.0,15,3.5
32,128,1141,2013,74.0,15,3.5
32,129,1141,2013,73.0,15,4.0
32,130,757,2011,72.0,15,4.0
32,131,773,2011,72.0,15,3.75
33,132,797,2012,55.0,0,2.75
34,11,636,2011,64.0,5,3.0
34,133,636,2011,88.0,5,3.0
34,134,636,2011,72.0,5,3.5
34,53,636,2011,72.0,5,4.0
34,135,508,2010,70.0,5,3.25
34,136,508,2010,74.0,5,3.25
34,137,508,2010,64.0,5,3.5
34,138,508,2010,72.0,5,3.5
35,139,1482,2015,76.0,1,2.5
35,140,1486,2015,76.0,1,2.5
35,141,1486,2015,78.0,1,2.5
35,56,1486,2015,86.0,1,3.25
36,52,963,2012,72.0,1,3.5
36,142,478,2010,75.0,1,3.25
36,143,502,2010,70.0,1,3.75
36,142,558,2010,65.0,1,2.75
36,144,565,2010,70.0,1,3.0
36,145,565,2010,78.0,1,3.0
36,146,414,2009,75.0,1,3.0
36,146,414,2009,65.0,1,3.5
36,109,423,2009,75.0,1,3.25
36,109,431,2009,65.0,1,3.5
36,109,233,2008,71.0,1,3.0
36,147,233,2008,75.0,1,3.5
36,146,233,2008,68.0,1,3.75
36,148,256,2008,70.0,1,3.0
37,149,256,2008,70.0,1,2.75
37,150,256,2008,70.0,1,2.75
37,151,256,2008,70.0,1,3.0
38,152,1331,2014,70.0,12,2.75
39,153,1046,2013,82.0,7,3.5
39,154,322,2009,72.0,7,2.75
40,155,1740,2016,82.0,1,3.5
40,76,1752,2016,75.0,1,2.75
40,73,1752,2016,75.0,1,3.5
40,156,1756,2016,75.0,1,3.0
40,89,911,2012,70.0,1,3.5
40,11,911,2012,70.0,1,3.75
41,157,1912,2016,75.0,0,3.5
41,158,1339,2014,75.0,0,4.0
41,159,1418,2014,75.0,0,3.25
41,160,1418,2014,65.0,0,3.75
41,161,1038,2013,75.0,0,3.5
41,162,1042,2013,75.0,0,3.25
41,6,629,2011,75.0,0,3.5
41,163,629,2011,75.0,0,3.5
41,164,629,2011,75.0,0,3.5
41,165,629,2011,75.0,0,3.75
41,93,629,2011,75.0,0,4.0
41,166,629,2011,75.0,0,4.0
41,167,672,2011,75.0,0,3.5
41,168,761,2011,75.0,0,3.25
41,169,331,2009,75.0,0,3.0
41,170,336,2009,75.0,0,2.75
41,171,336,2009,75.0,0,3.0
41,172,395,2009,75.0,0,3.0
41,173,199,2008,75.0,0,4.0
41,13,123,2007,75.0,0,2.5
41,32,24,2006,75.0,0,3.75
41,174,32,2006,75.0,0,4.0
41,175,48,2006,75.0,0,4.0
41,11,75,2006,75.0,0,4.0
41,176,81,2006,100.0,0,1.5
41,177,81,2006,75.0,0,3.0
41,17,81,2006,75.0,0,4.0
42,178,316,2009,77.0,3,3.25
42,178,341,2009,100.0,3,1.5
43,87,1267,2014,70.0,1,2.75
43,44,1271,2014,70.0,1,2.75
44,179,1868,2016,70.0,1,3.5
44,180,1868,2016,70.0,1,3.75
44,44,1462,2015,68.0,1,3.75
44,87,1255,2014,70.0,1,3.75
44,17,1355,2014,70.0,1,4.0
44,181,1125,2013,72.0,1,3.0
44,182,1125,2013,70.0,1,3.25
44,52,1129,2013,75.0,1,3.5
44,183,1129,2013,85.0,1,3.5
45,184,1514,2015,60.0,1,3.0
45,184,1514,2015,80.0,1,3.25
45,185,1514,2015,70.0,1,3.5
45,186,1518,2015,80.0,1,2.75
45,87,1518,2015,80.0,1,3.25
45,187,1518,2015,60.0,1,3.25
46,62,1149,2013,70.0,1,3.0
47,188,1231,2014,72.0,13,3.0
47,189,1231,2014,70.0,13,3.5
47,190,1231,2014,72.0,13,3.5
47,191,1235,2014,68.0,13,2.75
48,53,1638,2015,70.0,17,3.25
49,57,1181,2013,68.0,1,2.75
50,64,1299,2014,72.0,1,3.25
50,192,1299,2014,72.0,1,3.5
50,56,1303,2014,72.0,1,3.25
50,193,1303,2014,72.0,1,3.25
50,194,1323,2014,60.0,1,2.5
51,195,1606,2015,70.0,18,2.5
52,196,1215,2014,75.0,1,2.5
52,197,502,2010,75.0,1,2.5
52,198,502,2010,75.0,1,2.75
52,199,600,2010,75.0,1,2.25
53,200,1716,2016,65.0,0,3.5
53,201,586,2010,70.0,0,3.0
53,202,300,2008,75.0,0,2.0
53,58,141,2007,72.0,0,2.0
53,203,147,2007,66.0,0,3.0
54,17,1688,2015,77.0,19,3.5
54,204,1692,2015,75.0,19,3.25
54,205,1391,2014,75.0,19,2.5
54,206,1391,2014,74.0,19,3.25
54,207,1391,2014,75.0,19,3.5
54,207,1395,2014,70.0,19,3.75
55,208,1668,2015,74.0,19,3.25
56,209,1816,2016,71.0,20,3.75
56,210,1816,2016,74.0,20,3.75
56,211,1662,2015,72.0,20,3.75
56,212,1430,2014,64.0,20,3.5
56,213,1430,2014,70.0,20,3.5
56,214,1434,2014,69.0,20,2.75
56,215,1434,2014,70.0,20,3.25
57,216,1860,2016,70.0,1,3.5
58,217,991,2012,72.0,1,3.75
58,218,641,2011,72.0,1,3.0
58,57,641,2011,66.0,1,3.75
58,219,647,2011,65.0,1,3.25
59,220,1908,2016,70.0,7,3.5
59,11,508,2010,71.0,7,3.5
59,53,523,2010,71.0,7,3.75
59,221,523,2010,71.0,7,4.0
59,63,537,2010,71.0,7,3.25
59,58,537,2010,71.0,7,3.5
59,58,537,2010,77.0,7,3.5
59,222,336,2009,70.0,7,4.0
59,223,346,2009,70.0,7,4.0
60,11,1684,2015,70.0,21,3.0
60,21,1684,2015,70.0,21,3.25
60,33,1684,2015,70.0,21,3.5
61,18,1173,2013,70.0,8,3.25
62,224,237,2008,63.0,3,3.5
62,225,237,2008,71.0,3,3.5
62,226,245,2008,82.0,3,2.5
62,227,259,2008,91.0,3,1.5
63,228,296,2008,60.0,15,2.75
63,229,141,2007,70.0,15,1.0
64,6,1442,2014,75.0,10,2.5
64,57,1442,2014,72.0,10,3.0
64,230,1442,2014,70.0,10,3.5
64,53,1185,2013,100.0,10,3.5
64,58,809,2012,80.0,10,3.0
64,231,749,2011,78.0,10,2.25
64,64,765,2011,70.0,10,2.5
65,60,1804,2016,75.0,1,2.5
65,202,1804,2016,73.0,1,2.75
65,232,1804,2016,70.0,1,3.0
65,20,1808,2016,75.0,1,3.0
65,12,1808,2016,70.0,1,3.25
66,225,237,2008,77.0,3,2.0
66,233,237,2008,77.0,3,2.5
66,234,245,2008,77.0,3,2.75
66,233,266,2008,55.0,3,3.0
66,234,269,2008,55.0,3,3.25
66,225,269,2008,55.0,3,3.5
67,235,1263,2014,70.0,22,3.5
67,236,1263,2014,70.0,22,3.75
68,237,1582,2015,72.0,23,3.5
68,238,1586,2015,72.0,23,3.25
68,239,1586,2015,72.0,23,3.5
68,94,841,2012,72.0,23,3.0
68,94,845,2012,80.0,23,2.75
69,215,1884,2016,65.0,20,3.0
69,213,1888,2016,65.0,20,3.25
69,240,1888,2016,65.0,20,3.25
69,241,1888,2016,65.0,20,3.5
69,242,1888,2016,65.0,20,3.5
70,243,1724,2016,72.0,1,4.0
70,244,1570,2015,72.0,1,3.5
70,245,1570,2015,70.0,1,3.75
70,246,1574,2015,72.0,1,3.5
70,212,1347,2014,72.0,1,3.5
70,215,1371,2014,76.0,1,3.5
70,184,1407,2014,70.0,1,2.75
70,20,1101,2013,70.0,1,3.0
70,44,1101,2013,73.0,1,3.5
70,247,1105,2013,70.0,1,2.5
70,248,1105,2013,70.0,1,3.25
70,249,1109,2013,72.0,1,3.25
70,196,1153,2013,70.0,1,2.75
70,250,1153,2013,72.0,1,3.0
71,53,1247,2014,70.0,1,2.5
71,21,1247,2014,70.0,1,2.75
71,58,1251,2014,70.0,1,2.75
71,20,1251,2014,70.0,1,3.0
72,13,404,2009,72.0,0,2.75
73,251,1426,2014,70.0,9,2.75
74,252,1900,2016,70.0,1,3.25
75,253,486,2010,55.0,3,2.75
75,234,252,2008,75.0,3,3.0
76,254,1235,2014,70.0,1,3.5
77,255,672,2011,70.0,0,3.5
78,53,1454,2015,70.0,12,3.25
79,256,1407,2014,75.0,16,3.0
79,87,1407,2014,82.0,16,3.25
80,257,1696,2015,70.0,24,2.75
80,258,1696,2015,70.0,24,3.5
81,21,1482,2015,65.0,12,2.5
81,259,1482,2015,65.0,12,2.75
81,57,1514,2015,80.0,12,2.5
82,11,647,2011,70.0,1,3.75
82,58,647,2011,68.0,1,3.75
83,260,1772,2016,90.0,1,2.5
83,261,1772,2016,80.0,1,2.5
84,262,1760,2016,70.0,1,2.5
84,251,1760,2016,70.0,1,2.75
84,57,1764,2016,60.0,1,3.0
84,57,1764,2016,75.0,1,3.0
84,51,1764,2016,80.0,1,3.0
84,53,1764,2016,70.0,1,3.25
84,249,1768,2016,80.0,1,2.75
85,21,1259,2014,74.0,1,2.75
86,263,1530,2015,75.0,25,3.25
86,264,1530,2015,68.0,25,3.5
86,265,1530,2015,80.0,25,3.75
87,266,1582,2015,69.0,26,3.75
87,150,1582,2015,80.0,26,3.75
87,21,1121,2013,70.0,26,3.75
87,53,919,2012,82.0,26,2.5
87,21,919,2012,68.0,26,2.75
87,11,919,2012,72.0,26,3.25
88,106,1219,2014,70.0,9,2.5
89,199,1454,2015,77.0,21,3.0
90,267,682,2011,65.0,9,3.25
91,106,478,2010,71.0,7,3.25
91,109,478,2010,71.0,7,3.5
91,268,439,2009,60.0,7,3.25
91,269,439,2009,75.0,7,3.25
91,51,209,2008,71.0,7,3.5
91,270,117,2007,71.0,7,2.5
91,271,117,2007,71.0,7,2.5
91,272,117,2007,70.0,7,3.0
92,28,1522,2015,65.0,1,2.5
92,28,1522,2015,75.0,1,2.5
93,51,377,2009,80.0,9,2.5
93,273,377,2009,70.0,9,2.75
93,274,377,2009,70.0,9,3.0
93,274,377,2009,80.0,9,3.0
93,51,377,2009,70.0,9,3.0
94,275,1149,2013,42.0,27,2.75
95,267,1832,2016,75.0,9,3.25
96,276,666,2011,68.0,9,3.75
97,277,445,2009,61.0,1,3.0
98,17,486,2010,77.0,1,2.75
99,278,470,2010,73.5,28,3.75
99,279,209,2008,80.0,28,3.0
99,278,227,2008,75.0,28,4.0
99,280,252,2008,100.0,28,1.0
100,281,1486,2015,73.0,1,3.5
101,109,1646,2015,75.0,1,3.0
102,7,579,2010,70.0,29,3.25
102,150,292,2008,80.0,29,2.75
102,282,292,2008,72.0,29,3.25
102,51,292,2008,70.0,29,3.75
102,225,296,2008,88.0,29,2.75
103,90,1630,2015,76.0,1,3.5
104,283,1916,2016,78.0,1,2.75
105,284,1169,2013,65.0,16,3.25
105,285,813,2012,85.0,16,3.5
105,286,817,2012,100.0,16,1.5
105,287,821,2012,72.0,16,3.75
105,11,959,2012,70.0,16,3.5
105,63,470,2010,72.0,16,3.25
105,17,478,2010,70.0,16,3.0
105,288,558,2010,72.0,16,2.5
105,64,558,2010,72.0,16,3.0
105,62,558,2010,72.0,16,3.25
105,289,558,2010,72.0,16,3.25
105,170,341,2009,72.0,16,3.0
105,170,445,2009,62.0,16,3.25
105,290,451,2009,70.0,16,3.5
105,291,451,2009,70.0,16,3.75
105,292,220,2008,72.0,16,3.0
105,173,220,2008,72.0,16,3.0
105,293,196,2007,72.0,16,3.0
106,294,48,2006,70.0,15,1.0
107,295,1283,2014,70.0,13,2.5
107,296,1335,2014,83.0,13,2.75
107,297,971,2012,75.0,13,3.25
107,298,975,2012,65.0,13,3.25
107,299,975,2012,67.0,13,3.25
107,300,975,2012,64.0,13,3.25
107,301,975,2012,75.0,13,3.5
108,302,1736,2016,85.0,1,3.25
108,302,1736,2016,73.0,1,3.75
109,303,1654,2015,70.0,13,2.75
109,304,785,2011,70.0,13,3.25
110,305,1928,2017,72.0,1,2.75
111,306,1610,2015,70.0,12,3.0
111,234,1610,2015,70.0,12,3.5
111,307,1666,2015,70.0,12,2.25
111,308,1666,2015,70.0,12,2.75
112,309,1816,2016,70.0,1,3.75
112,310,1446,2015,70.0,1,3.0
112,87,1219,2014,70.0,1,3.5
112,311,1295,2014,70.0,1,3.5
112,312,1303,2014,70.0,1,2.75
112,313,1387,2014,70.0,1,3.75
112,314,1026,2013,70.0,1,2.75
112,199,1026,2013,70.0,1,3.25
112,315,1085,2013,70.0,1,3.5
112,16,1153,2013,70.0,1,3.5
112,316,805,2012,70.0,1,3.0
112,317,805,2012,70.0,1,3.25
112,318,915,2012,70.0,1,3.75
112,57,654,2011,70.0,1,3.25
112,11,654,2011,70.0,1,3.25
112,202,654,2011,70.0,1,3.25
113,319,1223,2014,82.0,30,3.25
113,17,987,2012,75.0,30,3.0
113,319,987,2012,70.0,30,3.75
113,109,987,2012,70.0,30,3.75
113,320,987,2012,70.0,30,4.0
113,321,991,2012,70.0,30,3.25
113,319,661,2011,60.0,30,3.5
113,320,423,2009,75.0,30,3.0
113,320,423,2009,60.0,30,3.25
114,322,1920,2016,72.0,1,2.75
114,33,1920,2016,72.0,1,3.0
114,323,1920,2016,70.0,1,3.25
115,20,1708,2016,75.0,1,3.25
115,11,1550,2015,70.0,1,3.0
115,51,1550,2015,70.0,1,3.25
115,202,1554,2015,70.0,1,3.0
115,53,1554,2015,70.0,1,3.25
116,52,1093,2013,70.0,1,2.5
116,324,1093,2013,70.0,1,2.75
116,58,1093,2013,70.0,1,2.75
116,325,907,2012,58.0,1,3.25
117,326,1462,2015,72.0,11,3.5
117,327,1462,2015,65.0,11,3.5
118,328,1832,2016,70.0,31,2.5
118,329,1832,2016,70.0,31,3.0
119,11,170,2007,66.0,1,2.5
119,94,175,2007,64.0,1,3.0
119,53,175,2007,71.0,1,3.0
119,52,175,2007,60.0,1,3.0
119,16,180,2007,64.0,1,3.0
119,21,180,2007,64.0,1,3.0
120,16,423,2009,64.0,0,3.0
120,58,263,2008,66.0,0,3.75
121,330,1916,2016,72.0,9,2.5
122,331,241,2008,80.0,1,2.75
122,94,166,2007,77.0,1,3.5
122,57,166,2007,77.0,1,3.5
123,332,1952,2017,70.0,1,3.75
123,37,1864,2016,78.0,1,3.5
123,333,1634,2015,70.0,1,3.75
123,68,1235,2014,74.0,1,3.5
123,334,1034,2013,70.0,1,3.25
123,90,1193,2013,76.0,1,3.5
123,20,895,2012,75.0,1,2.75
123,56,955,2012,72.0,1,2.75
123,109,661,2011,80.0,1,2.75
123,109,661,2011,72.0,1,3.0
123,335,682,2011,75.0,1,2.75
123,149,769,2011,74.0,1,3.0
123,53,769,2011,70.0,1,3.25
124,8,1688,2015,85.0,12,3.0
124,336,1371,2014,72.0,12,3.25
124,337,1371,2014,72.0,12,3.25
124,338,1407,2014,72.0,12,3.5
125,339,311,2009,70.0,1,3.75
126,340,304,2008,88.0,15,3.0
126,341,63,2006,70.0,15,1.5
127,74,1672,2015,70.0,10,3.75
127,342,1672,2015,70.0,10,3.75
127,343,1109,2013,100.0,10,3.0
127,344,863,2012,70.0,10,3.5
127,345,863,2012,70.0,10,3.75
127,346,693,2011,70.0,10,3.5
127,347,470,2010,70.0,10,3.0
127,348,227,2008,70.0,10,3.0
127,349,272,2008,70.0,10,3.0
127,255,272,2008,78.0,10,3.5
127,350,272,2008,70.0,10,3.75
127,60,111,2007,70.0,10,4.0
127,351,129,2007,75.0,10,3.25
127,352,135,2007,60.0,10,3.25
127,11,135,2007,70.0,10,3.5
127,353,192,2007,70.0,10,3.5
127,354,192,2007,70.0,10,3.75
127,53,192,2007,70.0,10,4.0
127,355,192,2007,70.0,10,4.0
127,356,87,2006,70.0,10,3.0
127,357,87,2006,70.0,10,3.25
127,150,87,2006,70.0,10,3.5
128,358,1880,2016,75.0,12,2.75
128,359,1672,2015,70.0,12,2.5
128,360,1676,2015,80.0,12,2.75
128,361,1676,2015,77.0,12,2.75
129,362,1662,2015,70.0,12,4.0
129,363,1331,2014,70.0,12,3.5
129,364,1331,2014,76.0,12,3.75
129,51,923,2012,72.0,12,3.75
129,365,623,2011,72.0,12,3.75
129,57,661,2011,65.0,12,3.5
129,366,697,2011,72.0,12,3.0
129,367,697,2011,71.0,12,3.25
129,51,765,2011,71.0,12,3.5
129,10,516,2010,70.0,12,3.5
129,368,516,2010,72.0,12,3.75
129,369,523,2010,70.0,12,2.5
129,370,523,2010,70.0,12,3.75
130,57,1506,2015,70.0,1,3.25
131,11,841,2012,82.0,0,2.75
132,371,1626,2015,70.0,1,3.5
132,372,1626,2015,70.0,1,3.5
132,373,1630,2015,70.0,1,3.25
132,374,1630,2015,70.0,1,3.25
132,375,1630,2015,70.0,1,4.0
133,21,1343,2014,70.0,9,3.25
133,11,1343,2014,70.0,9,3.5
133,57,1343,2014,70.0,9,3.75
134,213,1812,2016,70.0,9,3.25
134,215,1812,2016,70.0,9,3.25
135,376,919,2012,72.0,1,2.75
136,60,1876,2016,68.0,16,3.0
137,377,709,2011,75.0,32,3.75
137,69,252,2008,71.0,32,2.75
138,378,1662,2015,70.0,19,3.75
138,379,439,2009,60.5,19,2.75
138,380,439,2009,70.0,19,3.0
138,381,206,2008,74.0,19,2.5
138,382,206,2008,58.0,19,2.5
138,383,206,2008,61.0,19,3.0
138,384,32,2006,70.0,19,2.75
139,385,1137,2013,60.0,33,2.75
139,385,1137,2013,70.0,33,3.25
140,199,1450,2015,79.0,21,3.0
140,21,1454,2015,78.0,21,3.5
141,386,1916,2016,75.0,1,3.25
142,278,565,2010,80.0,7,3.25
143,387,1205,2014,70.0,0,3.25
143,388,1209,2014,80.0,0,3.0
143,389,1209,2014,74.0,0,3.25
144,204,903,2012,70.0,1,2.75
144,390,414,2009,65.0,1,2.0
144,150,423,2009,81.0,1,3.5
144,391,431,2009,74.0,1,2.75
144,51,252,2008,72.0,1,3.0
145,392,666,2011,55.0,1,2.5
145,64,666,2011,55.0,1,2.5
145,60,666,2011,70.0,1,2.5
145,393,666,2011,62.0,1,2.75
145,394,672,2011,62.0,1,2.5
146,56,1275,2014,80.0,1,3.0
146,53,1275,2014,80.0,1,3.5
146,57,1275,2014,80.0,1,3.75
147,395,565,2010,75.0,1,2.75
148,396,1732,2016,76.0,34,3.0
148,50,1736,2016,76.0,34,2.5
148,87,1736,2016,76.0,34,2.75
149,63,494,2010,58.0,5,3.5
149,397,105,2006,62.0,5,2.0
149,184,105,2006,74.0,5,3.0
149,398,48,2006,64.0,5,3.0
149,399,48,2006,65.0,5,3.0
149,253,48,2006,72.0,5,3.5
149,400,56,2006,68.0,5,4.0
150,195,1283,2014,65.0,1,2.25
150,57,1283,2014,80.0,1,3.0
150,57,1283,2014,70.0,1,3.25
150,57,1287,2014,85.0,1,2.5
151,401,1267,2014,72.0,12,2.75
152,57,1776,2016,70.0,18,2.75
152,195,1776,2016,80.0,18,2.75
153,155,1772,2016,70.0,35,2.75
153,402,1776,2016,75.0,35,3.5
153,403,1776,2016,67.0,35,3.75
154,277,1355,2014,70.0,19,3.5
154,51,1355,2014,70.0,19,3.75
154,404,911,2012,70.0,19,3.75
154,7,915,2012,60.0,19,3.5
155,94,1538,2015,70.0,15,3.5
155,405,1538,2015,75.0,15,3.5
155,33,1542,2015,80.0,15,3.0
155,52,1351,2014,60.0,15,3.5
155,11,1351,2014,65.0,15,3.5
156,406,1940,2017,70.0,1,3.5
156,89,1634,2015,73.0,1,3.5
156,407,1209,2014,80.0,1,3.0
156,408,1295,2014,68.0,1,3.25
156,409,1042,2013,66.0,1,3.5
156,410,883,2012,70.0,1,2.5
156,409,883,2012,61.0,1,3.5
156,411,887,2012,81.0,1,2.0
156,276,781,2011,70.0,1,3.5
156,149,785,2011,65.0,1,3.5
157,412,1383,2014,70.0,1,3.0
157,413,1383,2014,70.0,1,3.5
157,414,1383,2014,70.0,1,3.5
157,415,1387,2014,70.0,1,3.5
157,416,1030,2013,72.0,1,3.25
157,417,1081,2013,72.0,1,3.75
157,418,1117,2013,70.0,1,3.75
157,419,1149,2013,70.0,1,4.0
157,420,899,2012,69.0,1,3.5
157,421,899,2012,69.0,1,3.5
157,422,915,2012,74.0,1,4.0
157,423,927,2012,69.0,1,4.0
157,424,931,2012,69.0,1,3.0
157,425,636,2011,74.0,1,2.75
157,426,642,2011,70.0,1,3.25
157,427,642,2011,72.0,1,3.5
157,428,642,2011,70.0,1,3.5
157,429,682,2011,74.0,1,2.75
157,430,682,2011,72.0,1,3.25
157,431,688,2011,74.0,1,3.0
157,432,745,2011,76.0,1,3.25
157,433,745,2011,70.0,1,4.0
157,434,370,2009,80.0,1,2.75
157,435,370,2009,70.0,1,3.0
157,436,370,2009,70.0,1,3.25
157,437,370,2009,65.0,1,3.5
158,438,1912,2016,70.0,36,3.5
159,439,1680,2015,60.0,36,3.0
159,439,1680,2015,85.0,36,3.25
159,439,1259,2014,70.0,36,3.5
159,440,1034,2013,70.0,36,3.25
159,441,1034,2013,70.0,36,3.5
159,442,895,2012,70.0,36,3.25
159,443,899,2012,70.0,36,3.25
159,444,899,2012,70.0,36,3.25
159,445,923,2012,70.0,36,3.75
159,446,623,2011,70.0,36,3.25
159,363,623,2011,70.0,36,3.5
159,367,623,2011,70.0,36,3.5
160,447,1780,2016,74.0,1,3.75
160,448,1780,2016,74.0,1,4.0
160,191,1347,2014,70.0,1,3.75
160,266,1359,2014,76.0,1,3.0
160,149,1046,2013,70.0,1,3.75
160,90,1185,2013,75.0,1,3.0
160,21,863,2012,70.0,1,2.5
160,449,753,2011,66.0,1,3.25
160,94,781,2011,70.0,1,3.0
161,450,1367,2014,85.0,1,2.5
162,451,1642,2015,65.0,16,3.25
162,452,1642,2015,70.0,16,4.0
162,453,1646,2015,70.0,16,3.5
162,453,1646,2015,80.0,16,3.5
162,451,1646,2015,75.0,16,3.5
163,454,1848,2016,70.0,1,3.5
163,110,1672,2015,66.0,1,3.0
164,455,1924,2016,77.0,1,2.75
164,456,1924,2016,77.0,1,3.25
164,457,1924,2016,77.0,1,3.25
165,458,741,2011,72.0,37,3.0
166,459,15,2006,70.0,12,2.5
167,11,1896,2016,70.0,21,3.5
168,63,494,2010,82.0,38,3.25
168,63,363,2009,60.0,38,2.75
168,63,241,2008,71.0,38,2.5
169,253,355,2009,64.0,10,3.0
169,52,355,2009,64.0,10,3.0
169,460,355,2009,64.0,10,3.0
169,461,355,2009,76.0,10,3.0
169,193,355,2009,64.0,10,3.25
170,462,1602,2015,70.0,1,3.75
170,93,1053,2013,65.0,1,2.75
170,249,1053,2013,65.0,1,2.75
170,62,1053,2013,65.0,1,3.25
170,53,1053,2013,65.0,1,3.5
170,463,654,2011,72.0,1,2.75
170,464,654,2011,61.0,1,3.25
170,465,654,2011,72.0,1,3.25
170,64,552,2010,65.0,1,3.0
170,466,316,2009,55.0,1,3.0
170,467,387,2009,91.0,1,3.0
170,468,387,2009,70.0,1,3.5
170,469,259,2008,65.0,1,3.0
170,470,276,2008,64.0,1,3.0
170,51,276,2008,65.0,1,3.5
170,471,147,2007,72.0,1,3.5
170,472,15,2006,65.0,1,3.0
170,7,87,2006,65.0,1,2.5
170,473,87,2006,65.0,1,3.5
170,474,93,2006,65.0,1,3.5
170,475,93,2006,61.0,1,3.5
170,476,99,2006,61.0,1,3.0
171,16,1197,2014,80.0,9,2.75
171,477,1197,2014,74.0,9,2.75
171,57,1197,2014,75.0,9,3.25
171,478,1197,2014,70.0,9,3.5
171,479,1201,2014,65.0,9,2.75
171,480,1201,2014,70.0,9,3.0
171,481,1201,2014,80.0,9,3.0
171,482,1201,2014,66.0,9,3.25
171,483,1205,2014,100.0,9,2.0
172,253,166,2007,77.0,16,2.5
173,484,1327,2014,55.0,3,2.75
173,484,1327,2014,70.0,3,3.0
174,485,701,2011,70.0,13,3.0
175,486,1808,2016,85.0,1,3.25
175,487,1696,2015,67.0,1,3.0
175,488,1700,2015,77.0,1,3.5
175,489,1700,2015,74.0,1,3.5
176,21,1876,2016,64.0,16,2.75
177,490,1748,2016,70.0,1,3.25
178,491,1748,2016,74.0,1,3.5
179,492,1239,2014,67.0,1,3.5
179,493,1243,2014,67.0,1,3.0
179,494,1243,2014,67.0,1,3.75
179,495,1243,2014,67.0,1,3.75
180,496,1744,2016,72.0,1,3.5
181,497,1744,2016,70.0,1,3.5
182,498,1748,2016,77.0,1,3.5
183,499,1744,2016,68.0,1,3.75
183,500,1744,2016,72.0,1,4.0
184,251,1458,2015,57.0,1,2.75
184,58,1462,2015,74.0,1,3.5
185,202,1546,2015,70.0,1,2.75
185,11,1546,2015,74.0,1,3.0
185,58,1546,2015,70.0,1,3.0
185,53,1550,2015,73.0,1,3.25
185,21,1550,2015,70.0,1,3.25
186,501,1712,2016,70.0,22,2.75
186,150,1712,2016,72.0,22,2.75
186,44,1712,2016,75.0,22,3.25
186,502,1712,2016,66.0,22,3.5
187,253,414,2009,80.0,3,2.0
187,233,414,2009,80.0,3,2.5
187,253,414,2009,72.0,3,3.0
187,253,414,2009,58.0,3,3.25
187,233,414,2009,58.0,3,3.5
188,266,1872,2016,70.0,39,2.75
188,402,1466,2015,70.0,39,3.5
188,109,1466,2015,70.0,39,3.5
188,191,1466,2015,70.0,39,3.5
188,503,1466,2015,70.0,39,3.5
188,169,431,2009,70.0,39,2.5
188,504,431,2009,70.0,39,2.75
188,247,431,2009,70.0,39,3.5
188,505,431,2009,75.0,39,3.75
189,506,1327,2014,72.0,31,2.5
190,507,1654,2015,70.0,12,2.75
190,508,1030,2013,70.0,12,4.0
190,509,1113,2013,100.0,12,1.75
191,64,1038,2013,75.0,12,3.0
191,510,1038,2013,80.0,12,3.5
191,288,1065,2013,90.0,12,3.0
191,511,1065,2013,72.0,12,3.0
191,512,1065,2013,82.0,12,3.5
191,513,1109,2013,100.0,12,2.75
191,514,1113,2013,100.0,12,2.5
191,515,1113,2013,100.0,12,2.75
191,109,809,2012,66.0,12,3.5
191,516,623,2011,80.0,12,3.0
191,517,623,2011,65.0,12,3.0
191,518,623,2011,65.0,12,3.25
191,53,552,2010,70.0,12,2.75
191,201,552,2010,70.0,12,3.0
191,17,600,2010,70.0,12,2.75
191,519,245,2008,72.0,12,3.0
191,251,296,2008,80.0,12,2.5
191,202,296,2008,75.0,12,2.75
191,287,300,2008,72.0,12,3.0
192,82,1542,2015,70.0,9,3.5
192,20,1307,2014,70.0,9,3.0
192,520,1311,2014,70.0,9,3.0
192,39,1311,2014,70.0,9,3.0
192,504,1311,2014,70.0,9,3.75
192,521,1387,2014,70.0,9,3.5
192,522,1097,2013,70.0,9,3.25
192,481,1097,2013,70.0,9,3.75
193,523,1085,2013,72.0,5,3.75
193,524,725,2011,72.0,5,3.75
193,525,725,2011,72.0,5,3.75
193,526,729,2011,72.0,5,3.25
193,527,733,2011,72.0,5,3.75
193,528,733,2011,74.0,5,4.0
193,529,737,2011,72.0,5,3.5
193,530,737,2011,70.0,5,4.0
193,531,737,2011,72.0,5,4.0
193,532,737,2011,72.0,5,4.0
194,533,1788,2016,61.0,40,2.5
195,149,821,2012,70.0,1,3.25
195,534,907,2012,70.0,1,2.75
196,535,1255,2014,77.0,1,3.0
197,536,943,2012,72.0,26,2.75
197,537,943,2012,72.0,26,3.0
198,11,1275,2014,72.0,1,3.5
198,21,1279,2014,72.0,1,2.25
198,56,1279,2014,72.0,1,3.25
198,57,1279,2014,72.0,1,3.25
199,538,1542,2015,70.0,1,3.5
199,539,1546,2015,70.0,1,2.75
200,540,5,2006,71.0,1,2.0
201,11,1534,2015,63.0,41,2.75
202,56,1375,2014,70.0,1,3.5
202,11,1375,2014,70.0,1,3.5
202,21,1375,2014,70.0,1,4.0
203,541,1061,2013,70.0,42,3.5
203,542,1069,2013,82.0,42,3.0
203,542,1069,2013,55.0,42,3.25
203,542,1073,2013,62.0,42,3.25
204,21,837,2012,64.0,16,2.5
204,300,387,2009,65.0,16,3.75
205,543,241,2008,70.0,3,3.0
205,544,241,2008,70.0,3,3.5
205,545,245,2008,75.0,3,2.75
205,546,248,2008,85.0,3,2.5
205,547,248,2008,85.0,3,2.75
205,548,248,2008,85.0,3,3.0
205,549,263,2008,75.0,3,2.5
205,549,269,2008,85.0,3,3.0
206,341,404,2009,70.0,0,2.75
206,53,423,2009,80.0,0,2.75
207,550,1133,2013,70.0,1,3.75
208,459,431,2009,72.0,4,2.0
209,551,1251,2014,60.0,1,3.0
210,247,1422,2014,72.0,1,2.5
210,51,1422,2014,72.0,1,2.75
210,56,1422,2014,72.0,1,3.0
210,552,1422,2014,72.0,1,3.25
210,56,1426,2014,90.0,1,3.25
210,68,1426,2014,72.0,1,3.25
210,553,1426,2014,72.0,1,3.25
211,554,1840,2016,70.0,1,3.25
211,555,1852,2016,70.0,1,2.75
211,556,1852,2016,70.0,1,3.75
211,557,1852,2016,70.0,1,3.75
212,251,1359,2014,72.5,1,2.5
212,504,1359,2014,72.5,1,3.0
212,53,1363,2014,72.5,1,2.5
212,11,1363,2014,72.5,1,3.0
213,21,891,2012,74.0,1,3.25
213,12,891,2012,70.0,1,4.0
213,17,927,2012,68.0,1,3.75
213,558,682,2011,74.0,1,3.75
213,63,576,2010,75.0,1,3.25
213,57,576,2010,74.0,1,3.75
213,559,597,2010,71.0,1,3.0
213,11,431,2009,64.0,1,3.5
213,331,451,2009,68.0,1,3.0
214,560,1892,2016,70.0,21,2.25
214,561,1892,2016,70.0,21,2.5
214,562,1892,2016,70.0,21,3.0
214,563,1892,2016,70.0,21,3.0
215,564,1121,2013,74.0,0,2.75
215,565,1145,2013,60.0,0,3.25
215,566,1189,2013,56.0,0,3.25
215,567,891,2012,66.0,0,3.5
215,63,741,2011,68.0,0,3.5
215,568,346,2009,68.0,0,3.25
215,569,346,2009,69.0,0,3.5
215,570,439,2009,60.0,0,3.0
215,571,445,2009,60.0,0,3.75
215,572,230,2008,74.0,0,3.5
216,573,721,2011,72.0,8,2.5
217,574,713,2011,60.0,3,3.25
218,575,1590,2015,75.0,0,2.75
218,576,1590,2015,75.0,0,2.75
218,577,1590,2015,75.0,0,3.0
218,578,1590,2015,75.0,0,3.25
218,579,1594,2015,75.0,0,3.0
218,580,1638,2015,75.0,0,3.5
218,581,1642,2015,75.0,0,3.25
218,582,1642,2015,75.0,0,3.75
218,6,1434,2014,70.0,0,2.75
218,583,1438,2014,68.0,0,2.75
219,66,927,2012,70.0,11,3.5
220,202,327,2009,75.0,1,2.5
221,77,1784,2016,80.0,1,3.5
221,150,833,2012,75.0,1,3.0
221,204,833,2012,75.0,1,3.0
221,193,853,2012,72.0,1,3.0
222,584,1952,2017,70.0,1,3.5
222,585,1952,2017,70.0,1,3.25
222,586,1728,2016,70.0,1,3.25
222,587,1562,2015,70.0,1,3.25
222,588,1562,2015,70.0,1,3.5
222,407,1566,2015,70.0,1,3.0
222,589,1566,2015,70.0,1,3.25
222,73,1566,2015,70.0,1,3.5
222,590,1371,2014,70.0,1,3.5
223,109,1231,2014,71.0,43,3.5
224,11,1856,2016,70.0,43,3.0
225,591,855,2012,65.0,1,3.5
225,592,903,2012,68.0,1,3.5
225,593,903,2012,68.0,1,3.75
225,594,947,2012,75.0,1,2.75
225,595,947,2012,74.0,1,3.0
225,596,947,2012,68.0,1,3.5
226,597,157,2007,85.0,5,3.0
227,195,1049,2013,65.0,18,2.5
228,598,1383,2014,70.0,1,3.75
228,599,1395,2014,65.0,1,3.25
228,599,1395,2014,75.0,1,3.75
228,600,1093,2013,71.0,1,3.0
228,601,1097,2013,72.0,1,3.0
228,602,1097,2013,70.0,1,3.5
229,249,1502,2015,75.0,1,2.0
230,603,552,2010,46.0,20,2.75
230,209,552,2010,60.0,20,3.0
230,604,552,2010,58.0,20,3.0
230,605,552,2010,65.0,20,3.5
231,21,721,2011,70.0,8,1.5
231,21,552,2010,55.0,8,2.25
232,11,284,2008,67.0,44,3.5
232,11,284,2008,70.0,44,3.75
232,11,284,2008,63.0,44,4.0
232,11,288,2008,75.0,44,3.5
233,606,1940,2017,73.0,1,3.5
233,195,1085,2013,70.0,1,2.75
233,12,1085,2013,70.0,1,3.5
233,607,1089,2013,70.0,1,2.75
233,608,1089,2013,70.0,1,2.75
233,609,991,2012,70.0,1,3.25
233,610,995,2012,70.0,1,3.25
233,611,995,2012,70.0,1,3.5
233,612,672,2011,70.0,1,2.5
233,316,693,2011,70.0,1,2.75
233,613,607,2010,72.0,1,2.75
234,340,300,2008,75.0,10,2.0
234,53,308,2008,70.0,10,3.0
234,6,308,2008,70.0,10,3.25
234,201,308,2008,70.0,10,3.75
235,53,531,2010,70.0,10,2.0
236,614,184,2007,75.0,44,2.75
236,615,184,2007,73.0,44,3.5
237,616,1121,2013,65.0,45,3.5
238,617,502,2010,55.0,1,3.5
238,339,311,2009,55.0,1,2.75
239,17,1856,2016,70.0,46,3.0
240,53,1446,2015,74.0,1,2.5
240,21,1219,2014,74.0,1,2.5
240,58,1219,2014,74.0,1,2.75
240,44,821,2012,74.0,1,3.75
241,618,1331,2014,70.0,20,2.75
242,619,1522,2015,72.0,1,3.5
242,620,1522,2015,72.0,1,3.75
242,621,1089,2013,72.0,1,3.75
242,622,1003,2012,72.0,1,3.25
242,623,1007,2012,72.0,1,2.75
242,18,1007,2012,72.0,1,3.0
242,624,1007,2012,72.0,1,3.25
243,338,1844,2016,70.0,47,3.75
243,21,1848,2016,70.0,47,3.5
243,60,1255,2014,70.0,47,3.75
243,625,1279,2014,85.0,47,3.5
243,626,871,2012,70.0,47,3.25
243,627,871,2012,70.0,47,3.5
243,628,875,2012,70.0,47,3.25
244,629,1896,2016,75.0,1,3.25
244,630,1474,2015,70.0,1,3.5
244,631,1474,2015,62.0,1,3.5
244,53,1478,2015,70.0,1,3.5
244,632,1606,2015,70.0,1,2.75
244,633,1606,2015,70.0,1,3.5
244,634,1606,2015,68.0,1,3.5
244,618,1610,2015,75.0,1,2.75
244,635,1610,2015,72.0,1,3.0
244,636,1634,2015,78.0,1,3.5
245,18,1872,2016,70.0,8,3.0
245,637,1884,2016,70.0,8,2.75
245,247,1884,2016,70.0,8,3.0
246,638,1808,2016,75.0,9,3.25
247,639,1650,2015,85.0,37,3.25
247,387,1650,2015,68.0,37,3.5
247,640,1650,2015,70.0,37,3.75
247,641,1149,2013,75.0,37,3.5
247,642,845,2012,76.0,37,3.5
247,643,845,2012,72.0,37,3.5
247,644,845,2012,70.0,37,3.5
247,387,849,2012,78.0,37,3.5
247,37,895,2012,80.0,37,3.0
247,82,955,2012,74.0,37,3.5
248,645,537,2010,65.0,1,3.0
248,169,544,2010,65.0,1,3.0
248,646,544,2010,65.0,1,3.25
248,647,544,2010,65.0,1,3.5
249,57,1189,2013,74.0,1,2.25
249,57,1189,2013,89.0,1,2.5
250,69,1836,2016,76.0,48,2.75
250,648,1836,2016,82.0,48,3.0
250,213,1836,2016,74.0,48,3.25
251,89,1450,2015,76.0,1,3.0
251,202,1450,2015,74.0,1,3.25
251,649,1359,2014,75.0,1,3.75
251,650,959,2012,73.0,1,3.5
251,11,999,2012,72.0,1,2.5
251,17,999,2012,73.0,1,2.75
251,651,672,2011,72.0,1,3.5
251,652,701,2011,76.0,1,3.0
251,653,709,2011,70.0,1,3.0
251,654,713,2011,81.0,1,2.75
251,655,773,2011,70.0,1,3.5
251,16,777,2011,71.0,1,2.75
251,247,777,2011,75.0,1,3.0
251,44,777,2011,73.0,1,3.25
251,656,777,2011,74.0,1,3.75
251,199,572,2010,81.0,1,2.75
251,657,572,2010,75.0,1,3.0
251,658,572,2010,70.0,1,3.25
252,659,1177,2013,72.0,13,3.5
252,660,1177,2013,68.0,13,4.0
252,661,1177,2013,74.0,13,4.0
252,193,1181,2013,70.0,13,3.75
253,87,1367,2014,70.0,1,3.25
253,68,1367,2014,70.0,1,3.25
253,196,1430,2014,82.0,1,3.25
253,662,1430,2014,63.0,1,3.5
254,504,1728,2016,72.0,1,3.0
255,20,1287,2014,70.0,1,2.5
255,58,1287,2014,70.0,1,2.75
255,56,1287,2014,70.0,1,3.0
255,663,1291,2014,70.0,1,3.0
255,57,1291,2014,70.0,1,3.5
256,11,837,2012,80.0,44,2.5
256,11,841,2012,72.0,44,2.5
257,664,1494,2015,80.0,49,2.75
257,664,1494,2015,70.0,49,3.0
257,535,1347,2014,80.0,49,3.25
257,535,1347,2014,70.0,49,3.5
257,665,1351,2014,70.0,49,3.25
257,665,1351,2014,80.0,49,3.5
258,666,1267,2014,70.0,46,3.0
258,667,1267,2014,72.0,46,3.5
259,668,1688,2015,70.0,25,3.5
260,669,963,2012,66.0,0,3.75
260,670,117,2007,66.0,0,3.5
260,671,135,2007,67.0,0,3.5
260,672,24,2006,60.0,0,2.0
260,673,24,2006,85.0,0,2.0
260,674,24,2006,70.0,0,3.0
260,675,24,2006,67.0,0,4.0
260,676,24,2006,65.0,0,4.0
260,677,24,2006,64.0,0,4.0
260,678,81,2006,99.0,0,2.0
261,87,1490,2015,80.0,1,3.5
261,679,1490,2015,70.0,1,3.5
261,86,1490,2015,75.0,1,3.75
261,680,1490,2015,75.0,1,3.75
261,73,1538,2015,75.0,1,3.25
261,681,1538,2015,70.0,1,3.5
261,149,1117,2013,75.0,1,2.5
261,56,1117,2013,80.0,1,3.25
261,108,887,2012,65.0,1,1.5
261,69,887,2012,75.0,1,2.0
261,682,887,2012,70.0,1,2.5
262,53,1073,2013,70.0,1,2.5
262,53,825,2012,70.0,1,3.5
263,53,607,2010,67.0,1,2.75
263,53,607,2010,77.0,1,2.75
264,683,1920,2016,70.0,21,3.5
265,684,1880,2016,75.0,11,3.75
265,685,1626,2015,70.0,11,3.5
266,213,955,2012,65.0,20,2.5
267,686,1026,2013,73.0,1,3.25
267,687,1030,2013,72.0,1,3.0
267,688,607,2010,67.0,1,2.75
268,149,1614,2015,70.0,1,3.0
268,689,1618,2015,70.0,1,2.75
268,21,1618,2015,70.0,1,3.25
269,408,661,2011,70.0,50,2.75
269,690,661,2011,70.0,50,2.75
269,691,772,2011,70.0,50,3.25
270,86,1812,2016,72.0,9,3.5
271,692,1391,2014,70.0,13,3.25
272,233,1654,2015,70.0,3,3.25
272,233,1654,2015,63.0,3,3.5
272,233,1658,2015,85.0,3,3.5
273,249,1462,2015,70.0,1,3.5
273,249,1462,2015,80.0,1,3.5
274,693,1896,2016,68.0,1,2.75
274,694,1896,2016,71.0,1,2.75
274,695,1900,2016,68.0,1,2.75
274,696,1900,2016,80.0,1,3.0
275,697,1049,2013,58.0,23,2.5
275,697,1049,2013,70.0,23,3.0
276,460,1046,2013,70.0,51,3.75
276,276,1133,2013,78.0,51,3.75
276,63,867,2012,71.0,51,2.5
277,249,1379,2014,70.0,51,3.25
277,17,1399,2014,75.0,51,2.75
277,698,1399,2014,70.0,51,3.0
278,699,1007,2013,85.0,1,3.5
279,21,1403,2014,72.0,1,2.25
279,504,1403,2014,70.0,1,2.5
279,11,1403,2014,73.5,1,2.5
279,52,1403,2014,70.0,1,3.5
280,16,531,2010,70.0,15,2.5
280,700,230,2008,67.0,15,3.75
280,459,135,2007,73.0,15,1.0
280,325,15,2006,73.0,15,2.0
280,231,15,2006,75.0,15,2.75
280,51,24,2006,71.0,15,3.0
281,199,1526,2015,72.0,1,2.25
281,184,1526,2015,72.0,1,2.75
281,701,1526,2015,72.0,1,3.0
281,196,1526,2015,72.0,1,3.0
282,21,1022,2013,75.0,1,2.75
282,53,1022,2013,75.0,1,3.5
283,52,1295,2014,75.0,1,3.0
283,702,1299,2014,75.0,1,3.0
283,113,1299,2014,75.0,1,3.25
284,58,837,2012,70.0,1,3.0
284,53,841,2012,70.0,1,3.0
285,703,931,2012,70.0,50,3.0
285,704,935,2012,75.0,52,2.75
285,705,935,2012,80.0,50,3.25
286,706,1454,2015,70.0,1,3.75
286,707,1458,2015,70.0,1,2.75
286,708,1458,2015,70.0,1,3.0
286,709,1458,2015,70.0,1,3.5
286,149,1470,2015,70.0,1,3.75
287,710,1876,2016,70.0,11,3.5
288,62,478,2010,70.0,1,2.5
289,711,1638,2015,70.0,53,3.75
289,712,1638,2015,70.0,53,3.75
290,713,1558,2015,70.0,26,3.75
290,18,1558,2015,75.0,26,4.0
291,714,1760,2016,100.0,22,2.75
291,714,1760,2016,70.0,22,3.5
291,715,1411,2014,66.0,22,2.75
291,716,1411,2014,70.0,22,3.0
291,717,1411,2014,88.0,22,3.25
291,718,1411,2014,74.0,22,3.5
292,588,1594,2015,70.0,1,2.75
292,202,1598,2015,70.0,1,3.0
293,719,761,2011,70.0,16,3.5
294,720,486,2010,72.0,1,3.0
294,721,486,2010,72.0,1,3.0
294,722,457,2009,67.0,1,2.75
294,723,457,2009,75.0,1,3.0
295,724,688,2011,76.0,9,2.0
295,725,688,2011,76.0,9,2.75
295,725,688,2011,85.0,9,2.75
295,724,688,2011,85.0,9,3.0
296,52,693,2011,80.0,54,2.75
297,122,1816,2016,70.0,55,3.75
297,16,1247,2014,70.0,55,3.0
297,11,1247,2014,66.0,55,3.5
298,87,1161,2013,74.0,9,2.75
298,149,1165,2013,72.0,9,2.75
298,726,1165,2013,72.0,9,2.75
298,727,1165,2013,72.0,9,3.0
298,192,1165,2013,72.0,9,3.0
299,728,1438,2014,68.0,5,2.75
299,729,1442,2014,80.0,5,3.25
299,730,733,2011,66.0,5,3.75
299,731,331,2009,70.0,5,3.0
299,732,341,2009,75.0,5,3.0
299,733,341,2009,68.0,5,3.25
300,734,316,2009,60.0,1,3.0
300,735,24,2006,60.0,1,3.0
301,21,859,2012,65.0,8,3.0
301,21,859,2012,72.0,8,3.0
302,736,1848,2016,70.0,3,4.0
302,737,1415,2014,70.0,3,3.25
302,738,1415,2014,70.0,3,3.5
302,739,1415,2014,70.0,3,3.75
302,740,1415,2014,70.0,3,4.0
302,741,817,2012,85.0,3,2.75
302,18,863,2012,70.0,3,4.0
302,742,721,2011,70.0,3,3.5
302,225,224,2008,60.0,3,2.5
302,233,224,2008,65.0,3,2.75
302,234,224,2008,72.0,3,3.0
302,743,266,2008,100.0,3,2.0
302,743,266,2008,70.0,3,3.5
303,76,1720,2016,70.0,9,2.75
303,252,1720,2016,72.0,9,3.0
303,744,1570,2015,70.0,9,3.25
303,588,1570,2015,70.0,9,3.25
303,73,1574,2015,72.0,9,3.5
303,82,1574,2015,72.0,9,3.75
303,745,1239,2014,72.0,9,2.75
303,109,1239,2014,78.0,9,3.75
303,402,1303,2014,75.0,9,2.75
303,746,1399,2014,75.0,9,3.5
303,191,1399,2014,70.0,9,3.75
304,81,1860,2016,76.0,7,3.0
305,668,1363,2014,65.0,1,3.5
306,747,1856,2016,70.0,1,3.25
306,748,1542,2015,70.0,1,3.5
306,69,1251,2014,70.0,1,3.0
306,86,1255,2014,70.0,1,3.5
307,21,1137,2013,55.0,8,2.5
307,21,1137,2013,70.0,8,2.75
308,449,636,2011,70.0,1,3.75
308,11,331,2009,75.0,1,4.0
308,11,439,2009,67.0,1,3.5
308,749,439,2009,70.0,1,3.5
308,11,196,2007,70.0,1,4.0
308,750,1034,2013,67.0,1,4.0
309,751,1271,2014,73.0,12,2.25
309,751,1271,2014,64.0,12,2.75
310,57,1454,2015,82.0,1,3.0
311,752,1658,2015,70.0,15,3.25
311,17,478,2010,75.0,15,3.0
311,32,478,2010,75.0,15,3.25
311,753,516,2010,78.0,15,3.75
311,754,531,2010,85.0,15,3.0
311,755,414,2009,72.0,15,3.0
311,756,445,2009,72.0,15,3.0
311,757,111,2007,70.0,15,4.0
311,758,129,2007,72.0,15,3.75
311,759,141,2007,72.0,15,4.0
311,760,166,2007,85.0,15,3.5
311,761,81,2006,72.0,15,4.0
311,762,93,2006,72.0,15,3.0
311,763,93,2006,72.0,15,4.0
312,764,1772,2016,80.0,1,2.5
313,765,1506,2015,62.0,1,2.5
313,338,1506,2015,80.0,1,2.75
313,88,1510,2015,80.0,1,2.75
313,766,1510,2015,80.0,1,2.75
313,77,1510,2015,80.0,1,3.25
313,667,1311,2014,73.0,1,3.25
313,767,1315,2014,73.0,1,2.5
313,768,1319,2014,73.0,1,3.25
313,769,1319,2014,73.0,1,3.5
314,770,829,2012,76.0,1,2.5
314,21,829,2012,82.0,1,2.75
315,771,1820,2016,70.0,1,3.75
315,772,1387,2014,70.0,1,3.75
315,773,647,2011,70.0,1,3.5
315,774,654,2011,70.0,1,3.0
315,775,789,2011,70.0,1,2.75
315,110,789,2011,70.0,1,3.5
315,776,607,2010,82.0,1,3.75
316,21,1446,2015,75.0,0,3.25
316,777,717,2011,75.0,0,3.25
316,17,486,2010,75.0,0,3.5
316,50,451,2009,75.0,0,2.0
316,778,199,2008,75.0,0,3.0
316,779,202,2008,100.0,0,3.0
316,780,280,2008,75.0,0,2.0
316,781,280,2008,75.0,0,3.5
316,782,162,2007,75.0,0,4.0
316,783,105,2006,75.0,0,3.0
316,202,105,2006,75.0,0,3.5
316,784,5,2006,75.0,0,3.5
316,64,5,2006,75.0,0,3.5
316,785,5,2006,75.0,0,3.75
316,786,32,2006,75.0,0,3.5
316,787,32,2006,75.0,0,3.5
316,168,32,2006,75.0,0,4.0
316,13,40,2006,75.0,0,3.0
316,300,40,2006,75.0,0,3.0
316,52,40,2006,75.0,0,3.25
316,14,40,2006,75.0,0,3.5
316,788,93,2006,80.0,0,4.0
316,6,99,2006,75.0,0,3.0
316,789,99,2006,75.0,0,3.0
316,790,99,2006,75.0,0,3.5
317,791,1872,2016,77.0,12,3.5
317,792,1502,2015,70.0,12,3.5
317,793,1530,2015,74.0,12,3.5
317,535,1688,2015,80.0,12,2.75
317,794,1223,2014,75.0,12,2.75
317,795,1223,2014,75.0,12,3.0
317,796,1223,2014,72.0,12,3.25
317,795,1227,2014,85.0,12,2.75
318,58,931,2012,73.0,10,2.75
319,12,1057,2013,75.0,11,3.25
319,12,1057,2013,85.0,11,3.5
319,12,1069,2013,55.0,11,2.75
319,12,1069,2013,80.0,11,3.25
319,12,935,2012,60.0,11,3.0
319,12,935,2012,65.0,11,3.25
320,797,1796,2016,70.0,4,2.75
320,798,1800,2016,74.0,4,3.0
321,799,1788,2016,70.0,1,3.0
321,713,1708,2015,75.0,1,2.75
321,11,959,2012,75.0,1,3.25
321,149,785,2011,85.0,1,3.5
322,800,470,2010,70.0,30,2.75
323,53,565,2010,75.0,56,3.0
324,801,1558,2015,70.0,1,2.5
324,802,1562,2015,80.0,1,3.25
324,803,1562,2015,73.0,1,3.5
325,18,1872,2016,75.0,0,3.25
326,743,867,2012,70.0,47,2.5
327,225,494,2010,75.0,3,3.25
327,804,439,2009,75.0,3,2.5
327,233,147,2007,75.0,3,3.0
327,805,147,2007,67.0,3,3.5
327,234,170,2007,75.0,3,3.75
328,806,1860,2016,75.0,1,3.75
328,281,1466,2015,85.0,1,3.5
328,807,1466,2015,70.0,1,3.5
328,808,1089,2013,75.0,1,3.75
328,809,1181,2013,75.0,1,3.0
328,109,891,2012,75.0,1,4.0
328,810,967,2012,75.0,1,3.25
328,191,979,2012,75.0,1,3.5
328,94,745,2011,75.0,1,3.5
329,811,1844,2016,70.0,24,3.25
329,812,1844,2016,70.0,24,3.25
329,813,1844,2016,70.0,24,3.25
330,11,1061,2013,75.0,44,3.25
330,814,1061,2013,68.0,44,3.25
331,815,923,2012,66.0,12,3.5
332,816,1748,2016,75.0,1,3.75
332,817,1446,2015,70.0,1,3.75
332,818,1566,2015,75.0,1,3.25
332,60,1209,2014,80.0,1,3.75
332,819,1038,2013,70.0,1,3.5
332,820,1081,2013,70.0,1,3.5
332,821,1081,2013,75.0,1,4.0
332,822,1193,2013,75.0,1,3.75
332,402,979,2012,75.0,1,3.75
332,823,793,2011,75.0,1,3.0
332,18,565,2010,75.0,1,3.75
332,204,327,2009,70.0,1,3.5
332,824,213,2008,70.0,1,2.75
332,62,213,2008,70.0,1,2.75
332,825,213,2008,70.0,1,2.75
332,64,213,2008,70.0,1,3.0
333,7,809,2012,84.0,57,2.5
333,826,871,2012,76.0,57,2.25
333,827,871,2012,72.0,57,2.5
333,150,713,2011,73.0,57,3.5
333,60,717,2011,71.0,57,2.5
333,828,717,2011,70.0,57,3.5
333,280,765,2011,77.0,57,2.75
334,829,607,2010,64.0,10,3.5
334,830,615,2010,100.0,10,1.5
334,831,615,2010,70.0,10,3.0
334,832,615,2010,72.0,10,3.5
334,833,615,2010,72.0,10,3.5
335,834,813,2012,83.0,1,2.75
335,835,813,2012,69.0,1,3.25
336,836,288,2008,70.0,29,3.5
336,225,288,2008,70.0,29,3.5
336,150,288,2008,70.0,29,3.5
336,837,292,2008,70.0,29,3.5
337,838,404,2009,75.0,20,2.75
337,839,414,2009,70.0,20,3.0
337,840,32,2006,53.0,20,2.0
337,317,32,2006,65.0,20,3.0
337,841,32,2006,70.0,20,4.0
338,231,761,2011,70.0,0,2.75
339,842,959,2012,78.0,1,4.0
339,619,781,2011,68.0,1,3.75
339,843,464,2010,68.0,1,3.5
339,844,464,2010,65.0,1,3.75
339,845,336,2009,68.0,1,3.75
339,846,336,2009,65.0,1,4.0
339,387,445,2009,72.0,1,3.75
339,847,227,2008,72.0,1,3.0
339,848,117,2007,72.0,1,3.0
339,849,135,2007,62.0,1,3.0
339,50,135,2007,75.0,1,3.75
339,850,188,2007,75.0,1,3.0
339,851,15,2006,82.0,1,2.0
339,852,15,2006,70.0,1,3.5
339,853,40,2006,68.0,1,2.0
339,854,56,2006,70.0,1,2.0
339,476,56,2006,62.0,1,3.0
340,57,1658,2015,70.0,12,2.75
340,63,1658,2015,70.0,12,2.75
341,62,1450,2015,72.0,1,3.25
341,16,1450,2015,73.0,1,3.5
341,50,1466,2015,77.0,1,2.75
341,553,1466,2015,74.0,1,3.5
341,53,1335,2014,75.0,1,3.0
341,855,1335,2014,72.0,1,3.25
342,856,713,2011,73.0,1,2.0
342,857,721,2011,73.0,1,2.5
343,858,1884,2016,70.0,8,3.25
344,60,757,2011,75.0,8,3.5
345,859,1586,2015,82.0,23,3.25
345,691,1586,2015,70.0,23,3.5
346,21,911,2012,70.0,1,2.5
347,860,717,2011,67.0,10,3.0
347,861,725,2011,65.0,10,3.25
347,862,729,2011,60.0,10,3.25
347,863,741,2011,68.0,10,3.0
348,864,1788,2016,73.0,9,3.5
348,865,1856,2016,73.0,9,3.5
348,866,1860,2016,73.0,9,3.75
348,867,1502,2015,100.0,9,3.0
348,868,1506,2015,100.0,9,3.0
348,869,1614,2015,73.0,9,3.0
348,870,1614,2015,73.0,9,3.25
348,648,1650,2015,73.0,9,3.25
348,867,1339,2014,67.0,9,3.75
348,867,1339,2014,73.0,9,3.75
348,402,1343,2014,73.0,9,3.75
349,52,1454,2015,70.0,1,2.75
349,249,1462,2015,72.0,1,3.0
350,871,1940,2017,70.0,13,3.5
350,872,1740,2016,70.0,13,3.75
350,873,1740,2016,70.0,13,4.0
350,874,1756,2016,70.0,13,3.75
350,37,1864,2016,70.0,13,3.0
350,875,1864,2016,67.0,13,3.75
350,876,1908,2016,70.0,13,3.25
350,501,1618,2015,65.0,13,3.25
350,501,1622,2015,70.0,13,3.5
350,73,1622,2015,67.0,13,3.75
350,679,1622,2015,70.0,13,3.75
350,90,1622,2015,72.0,13,4.0
350,20,1626,2015,72.0,13,2.75
350,877,1662,2015,65.0,13,3.5
350,878,1666,2015,67.0,13,3.0
350,879,1666,2015,70.0,13,3.75
351,52,693,2011,67.0,1,1.5
351,11,502,2010,68.0,1,3.0
351,53,502,2010,68.0,1,3.25
352,880,1812,2016,70.0,1,3.5
352,11,1518,2015,72.0,1,3.0
353,555,1840,2016,68.0,12,2.75
353,881,1840,2016,85.0,12,2.75
354,882,1792,2016,70.0,22,3.25
354,883,1796,2016,75.0,22,3.25
355,884,1335,2014,70.0,1,3.0
355,109,1157,2013,70.0,1,3.0
355,481,1157,2013,70.0,1,3.0
355,20,1161,2013,70.0,1,3.25
355,247,1161,2013,70.0,1,3.25
355,885,1161,2013,70.0,1,3.5
356,886,1820,2016,62.0,9,3.5
356,887,1820,2016,70.0,9,3.5
356,888,1828,2016,70.0,9,3.5
356,889,1828,2016,75.0,9,3.75
356,890,1828,2016,70.0,9,3.75
356,891,1828,2016,70.0,9,4.0
356,892,1832,2016,70.0,9,3.25
356,893,1594,2015,70.0,9,3.5
356,60,1594,2015,75.0,9,4.0
356,665,1227,2014,70.0,9,3.5
356,113,1259,2014,70.0,9,3.75
356,439,1307,2014,70.0,9,3.25
356,402,1307,2014,80.0,9,3.5
356,894,1307,2014,70.0,9,3.75
356,895,1339,2014,70.0,9,3.25
356,542,1019,2013,77.0,9,3.75
356,98,1030,2013,70.0,9,3.25
356,896,1073,2013,70.0,9,2.75
356,897,1073,2013,70.0,9,3.75
356,898,1077,2013,70.0,9,3.25
356,199,1077,2013,70.0,9,3.75
356,899,1077,2013,88.0,9,4.0
356,900,1077,2013,70.0,9,4.0
356,901,1081,2013,67.0,9,4.0
356,571,1173,2013,70.0,9,3.25
356,822,1177,2013,70.0,9,4.0
356,902,817,2012,70.0,9,3.25
356,903,833,2012,70.0,9,3.75
356,904,867,2012,70.0,9,4.0
356,905,867,2012,70.0,9,4.0
356,906,951,2012,70.0,9,3.5
356,150,951,2012,70.0,9,3.75
356,907,967,2012,70.0,9,3.5
356,16,983,2012,85.0,9,3.5
356,908,676,2011,70.0,9,2.75
356,909,676,2011,70.0,9,3.5
356,910,676,2011,64.0,9,4.0
356,911,676,2011,70.0,9,4.0
356,912,682,2011,70.0,9,3.75
356,17,688,2011,70.0,9,3.5
356,913,607,2010,70.0,9,3.75
356,504,377,2009,70.0,9,3.0
356,340,377,2009,70.0,9,3.5
356,44,387,2009,70.0,9,3.0
356,16,387,2009,70.0,9,3.5
356,11,387,2009,70.0,9,3.75
356,51,387,2009,70.0,9,3.75
357,249,1367,2014,70.0,1,3.25
357,914,1395,2014,70.0,1,3.5
358,57,1932,2017,70.0,9,3.25
358,11,1936,2017,70.0,9,3.5
358,58,1936,2017,75.0,9,3.5
358,53,1936,2017,75.0,9,3.25
358,16,1936,2017,77.0,9,3.25
358,202,1940,2017,80.0,9,3.5
359,915,793,2012,70.0,1,3.0
359,915,793,2012,80.0,1,3.0
359,915,793,2012,75.0,1,3.25
360,57,1932,2017,70.0,1,3.75
360,53,1932,2017,70.0,1,3.5
360,21,1932,2017,70.0,1,2.75
360,916,1792,2016,70.0,13,3.5
360,917,1792,2016,70.0,13,3.75
360,918,1792,2016,70.0,13,3.75
360,919,1434,2014,72.0,13,2.75
361,69,1057,2013,70.0,5,3.0
362,57,1113,2013,70.0,1,3.0
362,57,1121,2013,84.0,1,2.25
363,920,1634,2015,70.0,1,3.0
363,504,1692,2015,70.0,1,3.0
363,921,1692,2015,70.0,1,3.0
363,922,1692,2015,70.0,1,3.0
363,552,1696,2015,70.0,1,3.0
364,923,859,2012,68.0,5,2.75
364,924,729,2011,72.0,5,3.25
365,925,1291,2014,84.0,1,3.5
365,926,1291,2014,70.0,1,3.5
366,927,939,2012,65.0,1,2.5
366,927,943,2012,70.0,1,2.5
366,927,943,2012,75.0,1,2.75
367,109,1157,2013,67.0,1,2.75
367,702,1157,2013,78.0,1,3.25
368,21,1800,2016,61.0,36,2.5
368,21,1800,2016,71.0,36,3.0
369,58,1796,2016,70.0,19,2.75
369,58,1796,2016,60.0,19,3.0
370,928,1618,2015,70.0,46,2.75
371,84,1668,2015,70.0,57,3.25
371,127,1704,2015,88.0,57,3.25
371,929,1704,2015,70.0,57,3.25
371,930,1704,2015,70.0,57,3.75
371,931,1708,2015,70.0,57,3.25
371,932,1708,2015,70.0,57,3.5
371,60,1263,2014,70.0,57,3.5
371,127,1263,2014,70.0,57,3.75
371,933,1185,2013,70.0,57,3.5
371,934,1185,2013,70.0,57,3.5
371,935,1193,2013,70.0,57,3.25
371,201,939,2012,70.0,57,3.25
371,936,939,2012,70.0,57,3.25
371,937,939,2012,70.0,57,3.75
371,938,761,2011,70.0,57,3.0
372,94,1101,2013,70.0,1,2.75
372,57,1101,2013,70.0,1,2.75
372,939,1105,2013,70.0,1,2.5
372,21,1105,2013,70.0,1,3.0
373,618,1450,2015,70.0,21,3.0
373,221,1450,2015,62.0,21,3.25
373,33,1450,2015,60.0,21,3.25
373,64,1680,2015,77.0,21,2.75
374,940,1868,2016,70.0,58,3.25
375,56,1271,2014,68.0,1,3.0
375,69,785,2011,87.0,1,3.25
375,941,451,2009,75.0,1,2.75
375,942,180,2007,70.0,1,3.0
376,325,1716,2016,62.0,1,2.0
376,943,915,2012,99.0,1,3.25
376,944,387,2009,60.0,1,2.75
376,945,387,2009,68.0,1,3.0
376,946,199,2008,70.0,1,2.5
376,947,280,2008,70.0,1,2.5
376,948,280,2008,70.0,1,2.75
376,949,284,2008,70.0,1,2.5
377,950,801,2012,70.0,1,2.75
377,951,801,2012,70.0,1,3.0
377,952,805,2012,70.0,1,3.0
377,953,805,2012,70.0,1,3.5
377,954,817,2012,70.0,1,3.25
377,955,821,2012,70.0,1,2.0
377,956,825,2012,70.0,1,3.25
377,957,829,2012,70.0,1,2.75
377,958,829,2012,70.0,1,3.0
377,959,833,2012,70.0,1,3.25
377,959,967,2012,70.0,1,2.75
377,960,971,2012,80.0,1,3.0
377,957,971,2012,67.0,1,3.25
377,961,971,2012,70.0,1,3.5
378,21,1478,2015,70.0,1,2.75
378,56,1478,2015,70.0,1,3.75
378,11,1478,2015,70.0,1,3.75
378,53,1482,2015,70.0,1,3.25
378,86,1554,2015,70.0,1,3.5
378,89,1558,2015,70.0,1,3.75
378,53,1323,2014,77.0,1,3.25
378,11,1323,2014,67.0,1,3.75
378,251,1323,2014,73.0,1,3.75
379,21,1614,2015,70.0,46,3.0
380,962,903,2012,65.0,1,3.25
380,11,162,2007,65.0,1,3.5
380,169,184,2007,75.0,1,2.5
380,963,184,2007,84.0,1,3.0
380,964,188,2007,91.0,1,2.0
380,965,188,2007,75.0,1,3.0
381,966,1684,2015,70.0,21,3.25
382,967,1836,2016,72.0,16,3.75
383,233,1418,2014,81.0,3,3.25
384,968,895,2012,70.0,0,4.0
385,969,927,2012,77.0,1,3.0
385,58,789,2011,72.0,1,2.75
385,57,789,2011,74.0,1,3.0
386,44,1239,2014,72.0,1,3.0
387,970,753,2011,72.0,44,3.5
388,86,1700,2015,75.0,1,2.75
388,971,1700,2015,75.0,1,3.5
388,11,1235,2014,75.0,1,3.5
388,57,1022,2013,68.0,1,3.25
388,972,1026,2013,75.0,1,2.5
388,57,753,2011,73.0,1,2.75
389,21,1740,2016,60.0,1,3.0
390,57,709,2011,63.0,0,3.75
391,408,1438,2014,74.0,1,2.75
391,973,1438,2014,70.0,1,3.0
392,974,1752,2016,72.0,1,3.0
392,975,1752,2016,72.0,1,3.25
393,976,1327,2014,65.0,10,3.25
394,977,1510,2015,63.0,0,4.0
394,978,1145,2013,70.0,0,3.5
394,979,1153,2013,64.0,0,3.5
394,980,931,2012,69.0,0,4.0
394,981,709,2011,56.0,0,3.25
394,982,757,2011,64.0,0,4.0
394,983,327,2009,64.0,0,3.75
394,984,370,2009,66.0,0,3.75
394,985,395,2009,68.0,0,3.5
394,986,117,2007,72.0,0,3.0
394,987,129,2007,65.0,0,3.75
394,988,129,2007,64.0,0,4.0
394,989,147,2007,85.0,0,1.5
394,990,153,2007,85.0,0,2.5
394,991,157,2007,71.0,0,2.75
394,992,162,2007,64.0,0,3.25
394,993,63,2006,66.0,0,3.0
394,994,63,2006,70.0,0,4.0
394,995,75,2006,64.0,0,2.5
394,996,75,2006,64.0,0,3.0
394,997,75,2006,64.0,0,3.5
395,998,963,2012,72.0,1,2.5
395,999,963,2012,65.0,1,2.75
396,11,404,2009,72.0,44,2.75
396,11,404,2009,76.0,44,2.75
396,11,404,2009,80.0,44,2.75
396,11,404,2009,70.0,44,3.0
396,814,404,2009,68.0,44,3.0
396,11,404,2009,64.0,44,3.25
397,972,1470,2015,70.0,1,3.25
397,1000,1470,2015,70.0,1,3.25
398,57,1211,2014,90.0,1,3.25
398,64,1211,2014,75.0,1,3.5
398,192,1227,2014,75.0,1,3.5
398,459,1117,2013,90.0,1,3.75
398,1001,991,2012,70.0,1,3.25
399,1002,951,2012,70.0,0,3.5
400,247,1205,2014,75.0,1,3.0
401,1003,153,2007,100.0,1,2.0
401,1003,153,2007,90.0,1,2.0
401,1003,153,2007,75.0,1,3.0
401,1004,153,2007,65.0,1,3.0
402,552,1458,2015,77.0,1,2.75
402,1005,1458,2015,77.0,1,3.0
402,50,1458,2015,77.0,1,3.0
402,21,1458,2015,77.0,1,3.25
402,1006,1502,2015,77.0,1,2.75
403,21,1720,2016,70.0,1,2.5
403,51,1720,2016,70.0,1,2.5
403,57,1724,2016,70.0,1,3.0
404,44,1756,2016,70.0,22,3.5
404,1007,1756,2016,70.0,22,3.5
405,52,733,2011,72.0,22,2.5
406,481,1169,2013,75.0,59,2.5
406,481,1169,2013,89.0,59,2.75
406,196,1169,2013,75.0,59,3.25
406,1008,1173,2013,75.0,59,2.75
407,1009,1848,2016,70.0,12,4.0
407,1009,1227,2014,88.0,12,3.0
407,1010,1109,2013,100.0,12,2.25
407,109,593,2010,71.0,12,3.0
407,1011,593,2010,72.0,12,3.5
407,98,593,2010,69.0,12,3.75
407,247,457,2009,70.0,12,3.0
407,204,457,2009,72.0,12,3.25
408,1012,1912,2016,74.0,1,3.0
408,1013,1912,2016,76.0,1,3.5
408,1014,1916,2016,75.0,1,3.75
409,809,1243,2014,70.0,1,3.0
409,402,1042,2013,70.0,1,3.25
409,191,1042,2013,70.0,1,3.5
409,53,825,2012,70.0,1,2.5
409,94,825,2012,70.0,1,3.0
409,109,951,2012,70.0,1,3.25
409,51,741,2011,70.0,1,4.0
409,149,769,2011,70.0,1,3.5
410,504,1057,2013,66.0,42,3.0
411,1015,1948,2017,70.0,1,2.75
411,1016,1948,2017,70.0,1,2.5
412,1017,1574,2015,70.0,1,3.0
412,1018,1578,2015,70.0,1,3.25
412,1019,1578,2015,70.0,1,3.25
412,1020,1578,2015,70.0,1,3.25
412,1021,1578,2015,70.0,1,3.5
412,1022,1582,2015,60.0,1,3.0
413,1023,1820,2016,70.0,48,3.5
413,1024,1824,2016,70.0,48,2.75
413,679,1824,2016,85.0,48,2.75
413,122,1824,2016,85.0,48,3.0
413,122,1824,2016,70.0,48,3.5
413,588,1880,2016,78.0,48,3.5
414,606,1716,2016,78.0,13,3.75
414,1025,1780,2016,65.0,13,3.25
414,69,697,2011,68.0,13,3.5
414,1026,701,2011,66.0,13,3.5
414,1027,701,2011,72.0,13,3.75
415,743,1205,2014,80.0,48,2.75
415,1028,801,2012,72.0,48,3.5
415,1029,801,2012,65.0,48,3.5
415,1030,875,2012,70.0,48,3.0
415,1031,875,2012,70.0,48,3.5
415,1032,875,2012,62.0,48,3.75
415,805,879,2012,75.0,48,3.0
415,1033,879,2012,75.0,48,3.0
415,1034,879,2012,90.0,48,3.25
415,201,879,2012,70.0,48,3.75
415,1035,883,2012,68.0,48,3.25
415,1036,883,2012,58.0,48,3.5
415,21,647,2011,70.0,48,3.75
415,100,749,2011,65.0,48,3.0
415,1037,749,2011,65.0,48,3.5
415,1037,781,2011,62.0,48,3.25
415,1038,486,2010,65.0,48,3.0
