No,X1 transaction date,X2 house age,X3 distance to the nearest MRT station,X4 number of convenience stores,X5 latitude,X6 longitude,Y house price of unit area
-1.727872150558223,-0.8236832089534504,1.255628327289565,-0.7924950358819846,2.007407429959751,1.12542986372866,0.4487622248477521,-0.0059008809652960695
-1.719504730942929,-0.8236832089534504,0.15708621507933687,-0.616611626324067,1.6675028589972412,0.9124441810055302,0.4011389416247852,0.31050720019193434
-1.711137311327635,1.5411511146914623,-0.38779067257693617,-0.41401527287245726,0.30788457514720113,1.4868601131980659,0.6881833884513604,0.6857819010993463
-1.7027698917123408,1.246434524807564,-0.38779067257693617,-0.41401527287245726,0.30788457514720113,1.4868601131980659,0.6881833884513604,1.2376564612573058
-1.6944024720970468,-1.1219506011242117,-1.1172226350845276,-0.5499967286036433,0.30788457514720113,0.83418807788357,0.5929368220044995,0.3767321474108894
-1.6860350524817527,-1.7113837808920083,-0.9326675602332094,0.8655860904221162,-0.37192456677781893,-0.4824506880414931,-1.3583130426780365,-0.43268387415411785
-1.6776676328664586,-1.7113837808920083,1.4753367497316106,-0.36523741980688984,0.9876937170722212,0.8309610220848563,0.19955545510290812,0.17069897828525085
-1.6693002132511647,0.9517179349236655,0.22739291026079153,-0.631677813243136,0.6477891461097112,0.9188982926029575,0.5818464683772713,0.64163193628671
-1.6609327936358707,1.246434524807564,1.2292633165965194,3.512777373076509,-1.051733708702839,-1.4586350671893626,-3.1823500275170926,-1.4113414275008995
-1.6525653740205766,0.9517179349236655,0.01647282471642756,0.5547381979063882,-0.37192456677781893,-0.13876924546529912,-1.2069623343511116,-1.168516621031397
-1.6441979544052825,-0.2342500291856537,1.5017017604246559,-0.5383791009759981,-1.051733708702839,0.35981087545488505,0.023414544549541668,0.2516405804417517
-1.6358305347899884,0.6534505427529043,-1.002974255414664,-0.7880707069294405,1.6675028589972412,0.4275790472301658,0.6353411152853504,1.4804812677268084
-1.6274631151746943,-0.8236832089534504,-0.4141556832699817,-0.46934929154344895,0.30788457514720113,-0.3130302586024314,0.2615309606671575,0.09711570359752293
-1.6190956955594002,-1.7113837808920083,0.23618124715847316,1.099299123096663,-0.032019995815308906,-0.641383186134162,-1.4940067811786137,-1.0434250540622598
-1.6107282759441062,1.246434524807564,-0.3965790094746181,0.06421808165282117,-0.032019995815308906,1.8176333325788319,0.045595251803998,-0.2708006698411167
-1.602360856328812,1.5411511146914623,1.5807967925037927,-0.40035192738027303,-0.711829137740329,1.0786375546453049,0.8369246018072275,0.921248380100076
-1.593993436713518,0.3587339528690059,-1.556639479968619,-0.6273978141759161,0.6477891461097112,0.6784826355899014,0.7318924292182039,2.363480563979543
-1.5856260170982241,-1.4166671910081101,-0.0011038490789360268,-0.5815034650136419,-1.051733708702839,0.5171298456479105,-0.14163601237659662,-0.04269251830916004
-1.57725859748293,0.9517179349236655,-0.07141054426039069,-0.5677917292664022,1.3275982880347312,-0.12344073042083578,0.7273258130190842,0.31786552766070675
-1.568891177867636,-1.7113837808920083,-1.4248144265033915,-0.8412787433751309,0.9876937170722212,-0.10569192352733717,0.4996473767857003,0.715215210974438
-1.560523758252342,0.9517179349236655,-1.1611643195729369,0.9455862879888727,-0.37192456677781893,-0.47518981249410064,-1.4255075381853288,-0.6387170432797561
-1.5521563386370478,0.9517179349236655,-0.6338641057120273,-0.6383651085069316,0.9876937170722212,0.5042216224527691,0.7860394498702064,1.0021899822565767
-1.5437889190217537,-0.8236832089534504,-0.2647539560093908,0.21914701939995437,-1.051733708702839,-1.3706977966709746,0.9824039464490404,-0.9845584343120773
-1.5354214994064597,-0.2342500291856537,-0.6690174533027546,-0.6383651085069316,0.9876937170722212,0.5042216224527691,0.7860394498702064,0.7299318659119832
-1.5270540797911656,-0.5289666190695521,1.9235419315133837,-0.4784986988501209,-0.032019995815308906,0.3630379312535988,0.35808227460001085,0.060324066253658964
-1.5186866601758715,-0.2342500291856537,1.0183432310521556,0.3204722470716181,-0.711829137740329,0.5155163177485537,-1.0503926360820703,-0.8079585750615305
-1.5103192405605774,-1.7113837808920083,-1.2842010361404823,-0.5553164835282586,0.30788457514720113,0.9535891424405629,0.6881833884513604,1.3406730458201255
-1.5019518209452836,0.3587339528690059,-0.6426524426097091,-0.6405256937310119,0.30788457514720113,-1.0568666202343155,0.3763487393983438,-0.32230896212252597
-1.4935844013299895,1.246434524807564,0.13072120438629134,-0.4175902021250339,-0.032019995815308906,0.41628435193438124,0.30067338523488124,0.6637069186930282
-1.4852169817146954,-0.2342500291856537,-0.9326675602332094,-0.5018639731677654,0.30788457514720113,0.5324583606923738,0.885852632517114,1.4068979930390804
-1.4768495620994013,1.246434524807564,0.7195397765309736,2.725564703835224,-1.391638279665349,-1.6756545696608844,-2.4458200719079346,-1.168516621031397
-1.4684821424841072,-1.4166671910081101,1.0447082417452014,-0.24947341263785086,0.9876937170722212,1.1117148765835534,0.04689999928999053,-0.9551251244369863
-1.4601147228688132,-1.4166671910081101,1.7741402042527925,-0.4722515962507554,-1.051733708702839,0.35981087545488505,0.07495207022955908,-0.27815899730988913
-1.451747303253519,0.3587339528690059,-0.10656389185111786,-0.6030779825810886,0.6477891461097112,0.7567387387115749,0.6164222767449483,0.8329484504748023
-1.443379883638225,-1.4166671910081101,-0.2032355977256179,-0.6969138266793415,0.9876937170722212,1.2230483016434757,0.591632074518507,1.2597314436636247
-1.435012464022931,1.246434524807564,-0.33506065119084527,2.376304468199945,-1.391638279665349,3.675610708758469,-0.9916789992309483,-0.785883592655212
-1.4266450444076368,-0.8236832089534504,-0.2647539560093908,0.6751815427392845,-0.711829137740329,-0.41710280811496103,-1.2252287991494444,-1.1096500012812152
-1.418277624792343,0.06401736298510753,-0.5020390522468,0.21914701939995437,-1.051733708702839,-1.3706977966709746,0.9824039464490404,-0.9330501420306678
-1.409910205177049,-1.7113837808920083,-1.2842010361404823,-0.40134099246229066,0.6477891461097112,0.2404098108978921,0.9041190973145198,0.715215210974438
-1.4015427855617548,0.06401736298510753,-0.1329289025441634,-0.6303115421565472,0.30788457514720113,1.0487872885063434,0.6601313175117919,0.6048402989428461
-1.3931753659464607,-0.5289666190695521,-0.3614256618838908,2.378364623812713,-1.391638279665349,-2.216993179915745,-1.9278353201329943,-1.6247329240953106
-1.3848079463311667,1.246434524807564,-0.08019888115807232,2.366125855698045,-1.391638279665349,-2.1024326990571094,-1.953277896101505,-1.4554913923135362
-1.3764405267158726,0.9517179349236655,1.6159501400945198,-0.44774788168671736,0.30788457514720113,-0.4824506880414931,0.27523080926637067,-0.24136735996602515
-1.3680731071005785,-1.4166671910081101,1.4665484128339286,-0.45304272752922203,0.6477891461097112,1.4884736410977095,0.6294697516002382,-0.285517324778662
-1.3597056874852844,1.5411511146914623,-1.3193543837312096,-0.4366304189084561,-0.032019995815308906,0.4372602146268802,0.9321711682550154,1.1714315140383509
-1.3513382678699903,-0.2342500291856537,1.659891824582929,-0.4720559726950724,1.3275982880347312,0.09035171625197247,0.7553778839586527,0.023532428909794997
-1.3429708482546963,0.9517179349236655,0.35042962682833695,-0.49177460498871395,1.6675028589972412,0.1024531754977221,0.7318924292182039,0.2957905452543886
-1.3346034286394024,1.5411511146914623,1.598373466299156,-0.3515405977776017,-0.37192456677781893,0.5324583606923738,0.24717873832587503,1.7306644016650832
-1.3262360090241083,0.9517179349236655,0.5701380492703826,2.79383383432396,-1.391638279665349,-1.7902150505195202,-2.451691435593047,-1.8086911108146304
-1.3178685894088142,-1.7113837808920083,1.0271315679498374,2.718162581377488,-1.051733708702839,-1.5957849386398542,-2.4751768903334956,-1.823407765752176
-1.3095011697935202,0.9517179349236655,0.35042962682833695,-0.45323184616537293,-0.032019995815308906,0.40095583688991787,0.33003020366044233,0.4576737495673902
-1.301133750178226,-0.2342500291856537,1.1941099690057921,0.5350854080909367,-1.051733708702839,-1.2109585346286273,1.2694483932765426,-1.2715332055942166
-1.292766330562932,1.5411511146914623,1.264416664187247,0.28137212770398323,-0.37192456677781893,0.41628435193438124,-1.0347356662547955,-0.8079585750615305
-1.284398910947638,-0.2342500291856537,-0.38779067257693617,-0.46934929154344895,0.30788457514720113,-0.3130302586024314,0.2615309606671575,0.06768239372243186
-1.2760314913323438,-0.2342500291856537,-0.14171723944184503,-0.6303115421565472,0.30788457514720113,1.0487872885063434,0.6601313175117919,1.0095483097253497
-1.2676640717170498,-1.1219506011242117,1.2292633165965194,0.06088153390260776,-1.391638279665349,-1.5610940888022486,-0.21339712408300868,-1.786616128408312
-1.2592966521017557,0.9517179349236655,1.3962417176524742,-0.5653220810362632,1.3275982880347312,0.2831683002322818,0.4715953058452047,0.2884322177856157
-1.2509292324864618,-0.8236832089534504,-1.249047688549755,-0.8150278946859031,0.9876937170722212,-0.9350452638282873,0.24456924335481706,1.1419982041632597
-1.2425618128711677,1.246434524807564,1.106226600028974,2.718162581377488,-1.051733708702839,-1.5957849386398542,-2.4751768903334956,-1.1317249836875332
-1.2341943932558737,-0.2342500291856537,-0.38779067257693617,-0.5932427029052215,0.30788457514720113,-0.9092288174374312,0.0664712115733889,0.3252238551294796
-1.2258269736405796,0.9517179349236655,-0.5899224212236182,0.6721654812684544,-0.711829137740329,-0.4340448510587812,-1.2167479404932742,-1.2273832407815797
-1.2174595540252855,1.246434524807564,-1.090857624391482,-0.6538435645334153,0.6477891461097112,0.5502071675861591,0.7697301062999351,1.8557559686342209
-1.2090921344099914,-0.8236832089534504,-0.04504553356734515,0.8662580010128034,-0.37192456677781893,-0.48406421594085,-1.3583130426780365,-0.7564502827801209
-1.2007247147946973,1.5411511146914623,-1.3281427206288914,-0.4366304189084561,-0.032019995815308906,0.4372602146268802,0.9321711682550154,1.2523731161948517
-1.1923572951794033,0.6534505427529043,-0.018680522874299613,-0.0699122485017783,-1.391638279665349,-0.4824506880414931,1.0300272296729343,-0.9330501420306678
-1.1839898755641092,0.9517179349236655,1.9674836160017928,-0.7616648269689754,1.3275982880347312,0.5905453650715136,0.6477362163985712,0.4650320770361626
-1.175622455948815,-0.5289666190695521,-1.4687561109918006,-0.706260682092297,0.6477891461097112,-0.26785147741871984,0.4911665181295301,0.9359650350376217
-1.1672550363335212,1.246434524807564,-0.8096308436656638,-0.7766838928855806,0.30788457514720113,-0.18475479059868913,0.4768142957882477,1.3848230106327617
-1.1588876167182272,0.9517179349236655,1.1150149369266555,-0.4915677961445674,0.6477891461097112,0.8559707045257474,0.3058923751769972,-0.13099244793443324
-1.150520197102933,-1.1219506011242117,-0.4580973677583908,-0.41401527287245726,0.30788457514720113,1.4868601131980659,0.6881833884513604,0.2957905452543886
-1.142152777487639,1.5411511146914623,-0.9766092447216185,-0.7880707069294405,1.6675028589972412,0.4275790472301658,0.6353411152853504,1.5467062149457633
-1.133785357872345,-0.2342500291856537,1.5632201187084287,-0.3515405977776017,-0.37192456677781893,0.5324583606923738,0.24717873832587503,0.20749061562911483
-1.1254179382570508,1.5411511146914623,1.299570011777974,-0.5230443084772279,1.3275982880347312,0.5518206954855159,0.3763487393983438,-0.12363412046566087
-1.1170505186417568,0.06401736298510753,-0.34384898808852704,2.378364623812713,-1.391638279665349,-2.216993179915745,-1.9278353201329943,-1.323041497875626
-1.1086830990264627,-0.8236832089534504,-0.9590325709262548,-0.5587314869542914,2.007407429959751,1.1617342414653355,0.27784030423742867,1.2082231513822148
-1.1003156794111686,1.246434524807564,-0.4756740415537544,0.21914701939995437,-1.051733708702839,-1.3706977966709746,0.9824039464490404,-0.6240003883422106
-1.0919482597958745,1.5411511146914623,1.598373466299156,-0.37084807155984634,-0.37192456677781893,0.6615405926457946,0.2811021729514829,-0.0868424831217969
-1.0835808401805807,-1.1219506011242117,0.24496958405615513,0.8735966608409597,-0.37192456677781893,-0.4687357008963866,-1.3694033963052648,-0.9109751596243494
-1.0752134205652866,-0.8236832089534504,1.8005052149458383,-0.42158906174321054,-0.711829137740329,0.5606950989322652,0.029285908234653883,-0.6019254059358922
-1.0668460009499925,-0.5289666190695521,0.02526116161410951,0.2625380058101249,-1.051733708702839,-1.3884466035644734,1.0117607648746014,-0.8447502124053944
-1.0584785813346984,1.246434524807564,-0.5196157260421636,-0.4366304189084561,-0.032019995815308906,0.4372602146268802,0.9321711682550154,0.17069897828525085
-1.0501111617194043,-0.5289666190695521,1.150168284517383,-0.5601291720425228,0.6477891461097112,-0.3840254861769991,0.40961980028095535,-0.0868424831217969
-1.0417437421041102,-0.2342500291856537,-0.3965790094746181,-0.7400940378310166,0.9876937170722212,-0.1436098291636563,0.5975034382036192,0.744648520849529
-1.0333763224888162,-0.8236832089534504,0.6668097551448827,1.2878997455336585,-0.37192456677781893,-0.6833349115188733,-1.6342671358783107,-1.4922830296574003
-1.025008902873522,-0.2342500291856537,-0.22960060841866342,-0.5557780948301723,0.9876937170722212,-0.1355421896665854,0.7358066716752544,0.42088211222352623
-1.016641483258228,-1.4166671910081101,-1.556639479968619,-0.59093052132473,1.6675028589972412,-0.04034404360080508,0.7025356107926428,0.9433233625063941
-1.008274063642934,-1.1219506011242117,-1.398449415810346,0.2950316654383927,-1.051733708702839,-1.438465968446542,1.0202416235316987,-0.8079585750615305
-0.99990664402764,1.5411511146914623,-0.07141054426039069,2.366125855698045,-1.391638279665349,-2.1024326990571094,-1.953277896101505,-1.4481330648447635
-0.9915392244123459,-0.8236832089534504,-0.7744774960749364,0.2558688767240468,-1.391638279665349,1.3472899498985391,-0.3771429335231544,0.7372901933807562
-0.9831718047970519,1.246434524807564,0.46467800649820074,2.272009189463897,-1.391638279665349,-1.71034541949849,-2.017862896637739,-0.9330501420306678
-0.9748043851817578,-1.1219506011242117,-1.556639479968619,-0.6424570202057313,-1.051733708702839,0.46549695286648496,-0.18077843694339335,0.5459736791926634
-0.9664369655664637,0.3587339528690059,-0.7569008222795729,0.2523673261369231,-1.391638279665349,1.3440628940998254,-0.3758381860371619,0.3840904748796623
-0.9580695459511697,-0.8236832089534504,0.2537579209538371,1.099299123096663,-0.032019995815308906,-0.641383186134162,-1.4940067811786137,-1.1905916034377155
-0.9497021263358756,-0.8236832089534504,1.246839990391883,0.049535209016420466,-1.391638279665349,-1.5998187583882462,-0.1696880833161652,-1.6100162691577649
-0.9413347067205816,-0.8236832089534504,2.0377903111832474,-0.7268746134327504,0.30788457514720113,-0.22025240438597296,0.4500669723337446,0.22220727056666062
-0.9329672871052875,-0.8236832089534504,-0.8535725281540729,-0.7766838928855806,0.30788457514720113,-0.18475479059868913,0.4768142957882477,1.016906637194122
-0.9245998674899935,0.9517179349236655,-0.9941859185169821,-0.7880707069294405,1.6675028589972412,0.4275790472301658,0.6353411152853504,1.5834978522896275
-0.9162324478746994,-0.2342500291856537,0.9392481989730191,-0.37002147080955566,-0.37192456677781893,0.6800961634892583,-0.02420873867435232,-0.24872568743479803
-0.9078650282594053,0.9517179349236655,-0.1153522287487998,-0.6303115421565472,0.30788457514720113,1.0487872885063434,0.6601313175117919,0.95804001744394
-0.8994976086441113,0.9517179349236655,-0.9941859185169821,-0.7880707069294405,1.6675028589972412,0.4275790472301658,0.6353411152853504,1.782172693946493
-0.8911301890288172,1.246434524807564,-0.018680522874299613,-0.09450861850500444,-0.032019995815308906,1.5885123708615603,0.048857120518052244,0.016174101441022624
-0.8827627694135232,-1.1219506011242117,-0.44052069396302723,-0.7248676077722559,-1.051733708702839,0.37755968234838366,-0.22970646765327987,-0.3738172544039357
-0.8743953497982291,-0.2342500291856537,-1.4599677740941186,-0.706260682092297,0.6477891461097112,-0.26785147741871984,0.4911665181295301,1.2082231513822148
-0.866027930182935,-1.4166671910081101,-1.556639479968619,-0.69451533592262,0.6477891461097112,-1.036697521491495,0.33133495114550776,0.5680486615989822
-0.857660510567641,-1.7113837808920083,1.317146685573338,-0.5485073400156677,0.6477891461097112,-0.4074216407185333,0.5961986907185537,-0.5504171136544826
-0.849293090952347,-1.1219506011242117,-1.556639479968619,-0.6273978141759161,0.6477891461097112,0.6784826355899014,0.7318924292182039,2.4297055111984984
-0.8409256713370529,-0.2342500291856537,-0.04504553356734515,-0.7094864875538918,1.3275982880347312,0.6486323694506532,0.634036367800285,0.6710652461618011
-0.8325582517217588,0.6534505427529043,-0.48446237845143636,0.21914701939995437,-1.051733708702839,-1.3706977966709746,0.9824039464490404,-0.8373918849366215
-0.8241908321064647,0.9517179349236655,1.202898305903474,-0.389807373490553,-0.711829137740329,0.28800888393063895,0.1467131819368982,-0.285517324778662
-0.8158234124911707,1.5411511146914623,-1.205106004061346,0.843648645941754,-0.37192456677781893,-0.48729127173956366,-1.3387418303946381,-0.7049419904987114
-0.8074559928758767,-0.2342500291856537,-0.8447841912563911,-0.7766838928855806,0.30788457514720113,-0.18475479059868913,0.4768142957882477,1.0021899822565767
-0.7990885732605826,1.5411511146914623,1.3698767069594284,-0.7038548931331736,0.9876937170722212,0.643791785752296,0.5792369734062134,0.10447403106629582
-0.7907211536452885,0.9517179349236655,-0.6865941270981183,0.8079913742288806,-0.37192456677781893,-0.6930160789155877,-1.2226193041783864,-1.0949333463436692
-0.7823537340299944,0.6534505427529043,-0.2559656191117088,-0.5478610524616736,0.6477891461097112,-0.5897502933527364,0.31045899137704397,-2.235474104003452
-0.7739863144147004,-1.7113837808920083,1.1325916107220195,-0.7457234903879864,1.3275982880347312,1.0100626189200592,0.5257423264972071,1.127281549225714
-0.7656188947994064,-0.2342500291856537,0.2537579209538371,-0.2744517483428668,-0.711829137740329,0.9592364900885986,0.915209450941748,0.6195569538803913
-0.7572514751841123,-0.5289666190695521,1.1589566214150648,4.214233784248054,-1.051733708702839,-2.0395051109796123,-3.557464929620351,-1.896991040439904
-0.7488840555688182,-0.5289666190695521,-0.3614256618838908,2.4698571103136926,-1.391638279665349,-2.434819446337232,-1.926530572647929,-1.8381244206897214
-0.7405166359535241,1.246434524807564,0.6668097551448827,0.3965115832696597,-0.37192456677781893,-0.226706515983687,-1.0614829897092986,-0.5430587861857098
-0.7321492163382302,1.246434524807564,-0.09777555495343591,-0.6303115421565472,0.30788457514720113,1.0487872885063434,0.6601313175117919,1.5908561797584002
-0.7237817967229361,0.06401736298510753,-0.38779067257693617,-0.46934929154344895,0.30788457514720113,-0.3130302586024314,0.2615309606671575,-0.4915504939043003
-0.715414377107642,1.246434524807564,-0.3614256618838908,-0.46934929154344895,0.30788457514720113,-0.3130302586024314,0.2615309606671575,0.7372901933807562
-0.7070469574923479,0.3587339528690059,1.211686642801156,-0.5306571268651735,-0.032019995815308906,1.045560232707343,0.7358066716752544,-0.4032505642790268
-0.6986795378770538,0.9517179349236655,-1.556639479968619,-0.7127298245669085,-1.391638279665349,0.16699429147428912,-0.10836495149398505,0.5533320066614363
-0.6903121182617599,-0.8236832089534504,-0.6865941270981183,-0.6383651085069316,0.9876937170722212,0.5042216224527691,0.7860394498702064,1.4289729754453986
-0.6819446986464658,0.06401736298510753,-1.4599677740941186,-0.706260682092297,0.6477891461097112,-0.26785147741871984,0.4911665181295301,0.781440158193393
-0.6735772790311717,-0.2342500291856537,1.8356585625365656,-0.22148139531061412,-0.032019995815308906,0.7543184468625397,0.09191378754189947,1.8336809862279022
-0.6652098594158776,0.3587339528690059,-1.2226826778567095,-0.5553164835282586,0.30788457514720113,0.9535891424405629,0.6881833884513604,1.2523731161948517
-0.6568424398005835,-0.2342500291856537,2.0729436587739745,-0.7606745719626531,0.6477891461097112,-0.18475479059868913,0.4585478309899148,1.671797781914901
-0.6484750201852896,0.9517179349236655,1.8268702256388836,-0.6878181246229524,0.9876937170722212,0.9543959063902414,0.538789801352497,0.22220727056666062
-0.6401076005699955,0.3587339528690059,1.0447082417452014,-0.4350035543991508,1.3275982880347312,0.9592364900885986,0.2067315662730858,-0.035334190840387136
-0.6317401809547014,1.246434524807564,-1.205106004061346,0.843648645941754,-0.37192456677781893,-0.48729127173956366,-1.3387418303946381,-0.5357004587169372
-0.6233727613394073,0.06401736298510753,0.7810581348147465,-0.4768642188252659,0.30788457514720113,0.4275790472301658,0.3437300522587285,-0.035334190840387136
-0.6150053417241133,-1.1219506011242117,0.02526116161410951,-0.5636211239069223,1.3275982880347312,1.4174784135231417,0.4865999019294833,0.11183235853506873
-0.6066379221088193,-1.7113837808920083,1.3786650438571104,-0.7115089622303467,0.6477891461097112,-0.2412282670784719,0.570756114749116,0.31050720019193434
-0.5982705024935252,-0.8236832089534504,0.10435619369324581,-0.05921911273055205,-1.391638279665349,-0.44049896265649524,1.0535126844133833,-1.2641748781254436
-0.5899030828782311,-1.4166671910081101,-0.5547690736328909,-0.5499967286036433,0.30788457514720113,0.83418807788357,0.5929368220044995,0.6489902637554824
-0.581535663262937,1.246434524807564,-0.3614256618838908,-0.6067145499126456,0.6477891461097112,-0.32916553759657313,0.6138127817738904,0.6931402285681193
-0.573168243647643,0.06401736298510753,-0.6778057902004364,-0.11218549934845591,-1.391638279665349,0.7583522666109318,-0.6067784909846,0.40616545728598047
-0.564800824032349,-1.7113837808920083,-0.4229440201676635,-0.46934929154344895,0.30788457514720113,-0.3130302586024314,0.2615309606671575,0.3325821825982525
-0.5564334044170549,0.3587339528690059,-0.1329289025441634,-0.6303115421565472,0.30788457514720113,1.0487872885063434,0.6601313175117919,0.987473327319031
-0.5480659848017608,0.6534505427529043,-1.1084342981868458,0.3775560890967279,-0.37192456677781893,0.2500909782943198,-1.1149776366173778,-0.6681503531548475
-0.5396985651864667,0.9517179349236655,0.1834512257723824,-0.3516453111164102,0.30788457514720113,0.09196524415132933,0.8551910666055604,-0.035334190840387136
-0.5313311455711727,1.246434524807564,-0.3614256618838908,-0.46934929154344895,0.30788457514720113,-0.3130302586024314,0.2615309606671575,0.1559823233477056
-0.5229637259558787,-0.2342500291856537,-0.5108273891444818,0.21914701939995437,-1.051733708702839,-1.3706977966709746,0.9824039464490404,-0.7049419904987114
-0.5145963063405846,-0.8236832089534504,-1.3720844051173007,-0.5018639731677654,0.30788457514720113,0.5324583606923738,0.885852632517114,0.5533320066614363
-0.5062288867252905,-1.4166671910081101,-1.556639479968619,-0.7127298245669085,-1.391638279665349,0.16699429147428912,-0.10836495149398505,1.0463399470692136
-0.49786146710999646,-1.4166671910081101,-1.2754126992428005,-0.4712128716610907,1.3275982880347312,0.09196524415132933,0.7553778839586527,0.3840904748796623
-0.48949404749470243,1.246434524807564,-0.1153522287487998,2.1392493347950956,-1.391638279665349,-2.912423704564917,-1.3915841035606482,0.5238986967863453
-0.48112662787940835,-1.7113837808920083,1.5104900973223376,-0.7174703243400243,1.3275982880347312,0.35981087545488505,0.5929368220044995,0.12654901347261452
-0.4727592082641143,0.3587339528690059,1.589585129401474,-0.724389892828086,0.9876937170722212,-0.14845041286201346,0.6085937918308474,0.7740818307246201
-0.46439178864882025,1.246434524807564,-1.1260109719822096,-0.5522149854923551,1.6675028589972412,0.9802123527808109,0.29480202154976903,0.4944653869112542
-0.45602436903352617,0.6534505427529043,-0.5020390522468,0.21914701939995437,-1.051733708702839,-1.3706977966709746,0.9824039464490404,-0.6681503531548475
-0.44765694941823214,0.3587339528690059,-0.9853975816193004,-0.5614180187210229,0.6477891461097112,-1.1980503114331993,0.2458739908408096,0.21484894309788774
-0.43928952980293806,1.246434524807564,-0.07141054426039069,2.366125855698045,-1.391638279665349,-2.1024326990571094,-1.953277896101505,-1.2715332055942166
-0.430922110187644,0.06401736298510753,-0.34384898808852704,2.378364623812713,-1.391638279665349,-2.216993179915745,-1.9278353201329943,-1.6468079065016288
-0.42255469057234996,1.5411511146914623,1.141379947619701,0.14346069407895645,-1.391638279665349,-1.6296690245274945,-0.2492776799366782,-1.4481330648447635
-0.4141872709570559,0.3587339528690059,-0.14171723944184503,-0.21256354727362528,-0.032019995815308906,0.7930431164485372,0.08343292888572927,-0.1751424127470701
-0.40581985134176185,-0.5289666190695521,-0.5371923998375273,-0.5499967286036433,0.30788457514720113,0.83418807788357,0.5929368220044995,0.10447403106629582
-0.39745243172646777,-1.7113837808920083,-0.1944472608279361,-0.21256354727362528,-0.032019995815308906,0.7930431164485372,0.08343292888572927,-0.04269251830916004
-0.3890850121111737,-0.8236832089534504,-1.249047688549755,-0.8204326895341567,1.3275982880347312,-0.8608229804550059,0.27392606178037815,1.4584062853204898
-0.38071759249587966,0.9517179349236655,0.13072120438629134,-0.37084807155984634,-0.37192456677781893,0.6615405926457946,0.2811021729514829,0.11919068600384163
-0.3723501728805856,-1.4166671910081101,-0.150505576339527,2.366125855698045,-1.391638279665349,-2.1024326990571094,-1.953277896101505,-1.9411410052525404
-0.36398275326529156,1.246434524807564,-0.8096308436656638,-0.7766838928855806,0.30788457514720113,-0.18475479059868913,0.4768142957882477,1.2891647535387156
-0.3556153336499975,-1.1219506011242117,-1.556639479968619,-0.7127298245669085,-1.391638279665349,0.16699429147428912,-0.10836495149398505,1.2670897711323974
-0.3472479140347034,-0.8236832089534504,-0.35263732498620903,0.12111708876927678,-1.051733708702839,0.6381444381042604,1.3405571312408855,-0.5430587861857098
-0.3388804944194094,0.9517179349236655,-1.556639479968619,-0.6273978141759161,0.6477891461097112,0.6784826355899014,0.7318924292182039,2.621022025386591
-0.3305130748041153,0.9517179349236655,0.9216715251776555,-0.5979768564153795,1.3275982880347312,0.4074099484876319,0.44028136619158187,0.39880712981720756
-0.32214565518882127,-0.2342500291856537,0.8689415037915648,-0.4511982655287414,0.30788457514720113,-0.48729127173956366,0.6418648527134589,-0.04269251830916004
-0.3137782355735272,0.9517179349236655,-0.8184191805633456,0.6970912223192051,-1.051733708702839,-1.1577121139478448,1.3992707680920076,-1.0655000364685783
-0.3054108159582331,0.6534505427529043,0.5525613754750189,2.7319085869447006,-1.391638279665349,-1.7442295053861303,-2.4190727484534316,-1.7351078361269026
-0.2970433963429391,-0.2342500291856537,-1.2402593516520732,-0.5553164835282586,0.30788457514720113,0.9535891424405629,0.6881833884513604,1.5319895600082176
-0.288675976727645,1.5411511146914623,-0.9766092447216185,-0.7880707069294405,1.6675028589972412,0.4275790472301658,0.6353411152853504,1.4804812677268084
-0.280308557112351,-0.2342500291856537,2.0729436587739745,-0.5410228747960495,-0.032019995815308906,1.1480192543205157,0.7331971767041964,-0.21193405009093408
-0.2719411374970569,0.9517179349236655,-1.1787409933683004,-0.5170992086663804,0.9876937170722212,0.9253524042006716,0.28827828412166057,0.5312570242551181
-0.2635737178817628,-0.2342500291856537,1.097438263131292,-0.48526000740566516,-0.37192456677781893,0.08228407675490158,0.27523080926637067,-0.10891746552811507
-0.2552062982664688,-1.1219506011242117,-0.33506065119084527,2.768472580977711,-1.391638279665349,-1.6425772477229226,-2.4980099713309483,-1.3819081176258083
-0.2468388786511747,-0.2342500291856537,1.3435116962663831,-0.7161829848989767,1.6675028589972412,0.6405647299535823,0.6040271756317277,0.2957905452543886
-0.23847145903588066,1.246434524807564,-0.40536734637229993,0.04803352454396345,-0.032019995815308906,1.8337686115729737,0.07821393894361332,-0.09420081059056927
-0.2301040394205866,-0.2342500291856537,-0.32627231429316345,-0.5116947311312747,-1.051733708702839,0.4759848842128777,-0.39540939832148736,0.3399405100670254
-0.22173661980529255,-1.7113837808920083,0.8074231455077918,2.6697017241466767,-1.391638279665349,-1.6175675652820316,-2.4236393646525514,-1.6541662339704017
-0.2133692001899985,0.06401736298510753,-0.5371923998375273,-0.6996689774143073,1.3275982880347312,1.2795217781229717,0.512042477898921,1.3185980634138068
-0.20500178057470442,1.246434524807564,-0.3702139987815726,0.843648645941754,-0.37192456677781893,-0.48729127173956366,-1.3387418303946381,-1.0581417089998053
-0.19663436095941036,1.246434524807564,-0.06262220736270874,2.378364623812713,-1.391638279665349,-2.216993179915745,-1.9278353201329943,-1.4113414275008995
-0.1882669413441163,-1.4166671910081101,-0.3174839773954817,1.2149756311651674,-1.391638279665349,-1.1359294873056676,1.8513657718447212,-1.1905916034377155
-0.17989952172882226,-1.4166671910081101,1.202898305903474,0.2882792416509897,-0.37192456677781893,0.30817798267345947,-1.0477831411100853,-1.212666585844034
-0.1715321021135282,0.06401736298510753,0.2801229316468823,0.8735966608409597,-0.37192456677781893,-0.4687357008963866,-1.3694033963052648,-0.9036168321555768
-0.16316468249823413,-0.5289666190695521,-0.7744774960749364,1.5820363411150076,-1.391638279665349,-1.1609391697465585,2.1468910773283936,-1.17587494850017
-0.15479726288294007,-0.8236832089534504,1.5017017604246559,-0.7090731078504595,1.3275982880347312,0.6486323694506532,0.6366458627713429,0.4650320770361626
-0.14642984326764602,-0.8236832089534504,-0.12414056564648145,2.366125855698045,-1.391638279665349,-2.1024326990571094,-1.953277896101505,-1.286249860531762
-0.13806242365235197,1.246434524807564,1.545643444913065,-0.37071075429509076,1.3275982880347312,0.840642189481284,0.19955545510290812,0.31786552766070675
-0.12969500403705791,0.06401736298510753,-0.3965790094746181,-0.26480995035893445,-0.711829137740329,0.37755968234838366,1.0535126844133833,-0.013259208434068968
-0.12132758442176385,0.06401736298510753,2.29265208121602,-0.814143225629546,0.9876937170722212,-0.12344073042083578,0.47811904327331317,0.3472988375357983
-0.11296016480646978,0.9517179349236655,-0.7041708008934819,-0.5254758791296185,0.30788457514720113,1.083478138343662,0.7442875303314246,0.8329484504748023
-0.10459274519117573,1.246434524807564,-0.22081227152098165,2.1323517402425267,-1.391638279665349,-2.8559502280851343,-1.4209409219862092,-0.6387170432797561
-0.09622532557588168,0.6534505427529043,-0.22081227152098165,-0.4940439492942384,0.30788457514720113,-1.1924029637854503,0.42658151759329577,-0.24872568743479803
-0.08785790596058761,-0.5289666190695521,0.44710133270283714,-0.29825769129466334,-0.711829137740329,0.9656906016863126,0.8982477336294076,-0.10155913805934218
-0.07949048634529356,0.3587339528690059,1.4665484128339286,-0.7592963223047309,1.3275982880347312,-0.0177546530089493,0.4911665181295301,0.752006848318302
-0.07112306672999949,-0.2342500291856537,1.4313950652432015,-0.7348024444482779,0.9876937170722212,-0.2218659322853298,0.5609705086078804,0.08239904865997766
-0.06275564711470544,0.9517179349236655,0.0428378354094731,-0.5015481672573135,1.3275982880347312,0.033878239772189685,0.7527683889875948,-0.46947551149798183
-0.05438822749941138,0.9517179349236655,-0.027468859771981564,-0.0699122485017783,-1.391638279665349,-0.4824506880414931,1.0300272296729343,-0.9183334870931223
-0.04602080788411732,0.9517179349236655,-0.40536734637229993,-0.41401527287245726,0.30788457514720113,1.4868601131980659,0.6881833884513604,0.5827653165365274
-0.037653388268823265,-0.8236832089534504,1.8092935518435196,-0.34998623932259265,-0.37192456677781893,0.5292313048936602,0.2458739908408096,-0.47683383896675474
-0.029285968653529205,-1.7113837808920083,-0.18565892393025432,-0.6303115421565472,0.30788457514720113,1.0487872885063434,0.6601313175117919,0.5974819714740732
-0.020918549038235146,-0.5289666190695521,0.02526116161410951,0.2625380058101249,-1.051733708702839,-1.3884466035644734,1.0117607648746014,-0.8373918849366215
-0.012551129422941088,-0.2342500291856537,-0.4317323570653453,0.2902116787217267,-0.37192456677781893,0.31140503847217316,-1.049087888596078,-1.220024913312807
-0.004183709807647029,0.3587339528690059,0.3943713113167461,-0.5587314869542914,2.007407429959751,1.1617342414653355,0.27784030423742867,0.44295709462984445
0.004183709807647029,-0.2342500291856537,1.8268702256388836,-0.33224438861210775,-0.37192456677781893,0.4840525237099486,0.23217414224159638,-0.27815899730988913
0.012551129422941088,-1.4166671910081101,-0.5459807367352091,0.21914701939995437,-1.051733708702839,-1.3706977966709746,0.9824039464490404,-0.8668251948117128
0.020918549038235146,-1.1219506011242117,1.5017017604246559,-0.7205041553471371,1.3275982880347312,0.3581973475552416,0.6098985393168399,0.21484894309788774
0.029285968653529205,1.246434524807564,-1.099645961289164,-0.5499967286036433,0.30788457514720113,0.83418807788357,0.5929368220044995,1.0463399470692136
0.037653388268823265,-0.2342500291856537,-1.556639479968619,-0.6424570202057313,-1.051733708702839,0.46549695286648496,-0.18077843694339335,0.40616545728598047
0.04602080788411732,0.6534505427529043,-0.009892185976617665,0.5725751632329573,-0.711829137740329,1.4271595809195694,-0.8122762199635276,-0.5062671488418458
0.05438822749941138,-0.2342500291856537,-1.0117625923123459,-0.7880707069294405,1.6675028589972412,0.4275790472301658,0.6353411152853504,1.4731229402580355
0.06275564711470544,1.5411511146914623,0.03404949851179146,0.5547381979063882,-0.37192456677781893,-0.13876924546529912,-1.2069623343511116,-1.2568165506566709
0.07112306672999949,0.6534505427529043,0.13072120438629134,-0.5554350793172877,1.3275982880347312,0.2396030469482137,0.7442875303314246,0.744648520849529
0.07949048634529356,0.3587339528690059,1.7653518673551105,-0.3910539381920949,-1.051733708702839,0.20168514131189455,0.14540843445090568,0.12654901347261452
0.08785790596058761,-0.8236832089534504,0.904094851382292,-0.5642315550752032,0.6477891461097112,0.7543184468625397,0.5107377304129285,0.20749061562911483
0.09622532557588168,0.9517179349236655,-0.3614256618838908,-0.46934929154344895,0.30788457514720113,-0.3130302586024314,0.2615309606671575,0.42824043969229864
0.10459274519117573,-1.4166671910081101,1.0183432310521556,-0.4395648515719878,1.3275982880347312,0.9673041295856695,0.20803631375907833,0.1633406508164785
0.11296016480646978,0.6534505427529043,1.7126218459690201,-0.711872682426132,1.6675028589972412,0.6454053136516528,0.6059842968597894,2.9668634164189123
0.12132758442176385,0.6534505427529043,-0.7656891591772547,0.2523673261369231,-1.391638279665349,1.3440628940998254,-0.3758381860371619,0.0382490838473408
0.12969500403705791,1.5411511146914623,1.1325916107220195,-0.5178346612149356,2.007407429959751,0.9842461725294896,0.26544520312420794,0.7740818307246201
0.13806242365235197,0.3587339528690059,-0.7569008222795729,0.2523673261369231,-1.391638279665349,1.3440628940998254,-0.3758381860371619,0.31786552766070675
0.14642984326764602,0.6534505427529043,1.4753367497316106,-0.6020571068559936,0.6477891461097112,0.7349561120693976,0.54400879129554,0.5901236440053003
0.15479726288294007,0.3587339528690059,-1.4599677740941186,-0.706260682092297,0.6477891461097112,-0.26785147741871984,0.4911665181295301,0.810873468068484
0.16316468249823413,-0.5289666190695521,-0.10656389185111786,2.378364623812713,-1.391638279665349,-2.216993179915745,-1.9278353201329943,-1.852841075627267
0.1715321021135282,-0.8236832089534504,1.290781674880292,-0.6495596783801337,1.3275982880347312,0.9326132797480641,0.42397202262223777,0.1633406508164785
0.17989952172882226,0.9517179349236655,-0.5108273891444818,1.6559330202818259,-1.391638279665349,2.5913199603496775,-1.017773948942455,0.6342736088179372
0.1882669413441163,1.5411511146914623,1.1677449583127466,0.05753388019221761,-1.391638279665349,-1.6240216768797455,-0.1572929822029445,-1.3966247725633538
0.19663436095941036,1.246434524807564,-1.205106004061346,0.843648645941754,-0.37192456677781893,-0.48729127173956366,-1.3387418303946381,-0.3370256170600718
0.20500178057470442,-1.1219506011242117,-0.1329289025441634,2.3725903178037244,-1.391638279665349,-2.1524520639388913,-1.9434922899602693,-1.7130328537205841
0.2133692001899985,-0.8236832089534504,0.8249998193031557,2.6407429329860626,-1.051733708702839,-1.509461196020823,-2.4458200719079346,-1.5143580120637188
0.22173661980529255,0.6534505427529043,1.9323302684110657,-0.59537290539539,1.6675028589972412,0.8979224299107452,0.38874384051156446,-0.4106088917477997
0.2301040394205866,0.3587339528690059,-0.8535725281540729,0.8985723787125053,-0.032019995815308906,-0.7228663450545493,-1.2885090521996863,-1.036066726593487
0.23847145903588066,-1.4166671910081101,-0.4229440201676635,-0.6610066708624935,0.9876937170722212,-0.23961473917911505,0.6268602566291802,0.09711570359752293
0.2468388786511747,0.06401736298510753,-1.2402593516520732,-0.5632679543733049,2.007407429959751,1.1447921985215155,0.27979742546549036,1.7600977115401744
0.2552062982664688,0.06401736298510753,-0.4141556832699817,-0.2784683774973261,-1.391638279665349,0.6171685754120481,-0.5337126317921954,0.07504072119120477
0.2635737178817628,-0.2342500291856537,-0.4317323570653453,-0.2784683774973261,-1.391638279665349,0.6171685754120481,-0.5337126317921954,0.19277396069156955
0.2719411374970569,1.246434524807564,0.03404949851179146,-0.19527640630408727,-1.391638279665349,-0.4590545334999589,0.9334759157400809,-0.609283733404665
0.280308557112351,-0.2342500291856537,-0.5899224212236182,0.4987736780105108,-0.711829137740329,-0.3961269454224621,-1.0869255656778092,-0.6755086806236201
0.288675976727645,1.246434524807564,-0.35263732498620903,-0.6610066708624935,0.9876937170722212,-0.23961473917911505,0.6268602566291802,0.2516405804417517
0.2970433963429391,-1.1219506011242117,-1.3808727420149824,0.7881299510186818,-0.37192456677781893,-0.44049896265649524,-1.309385011969077,-0.3370256170600718
0.3054108159582331,0.9517179349236655,1.3259350224710194,-0.6978629896330103,1.3275982880347312,1.0754104988465911,0.38287247682645226,0.752006848318302
0.3137782355735272,-0.2342500291856537,-1.1347993088798913,0.3775560890967279,-0.37192456677781893,0.2500909782943198,-1.1149776366173778,-1.1979499309064885
0.32214565518882127,0.9517179349236655,-0.8975142126424821,-0.3524285192937248,0.30788457514720113,0.2863953560312821,0.9641374816516345,0.20749061562911483
0.3305130748041153,0.9517179349236655,-0.1153522287487998,-0.5505889142659197,0.6477891461097112,-0.3961269454224621,0.6112032868028324,0.19277396069156955
0.3388804944194094,0.6534505427529043,0.35042962682833695,-0.02286137224367993,-1.391638279665349,-0.5582864993141313,1.0385080883291045,-1.0949333463436692
0.3472479140347034,-0.5289666190695521,0.11314453059092776,-0.05921911273055205,-1.391638279665349,-0.44049896265649524,1.0535126844133833,-1.1537999660938516
0.3556153336499975,-1.1219506011242117,0.02526116161410951,4.142735199196523,-1.051733708702839,-0.9358520277779657,-3.7968860932239594,-1.6909578713142657
0.36398275326529156,0.06401736298510753,1.8883885839226566,-0.5229102436722385,0.9876937170722212,0.42435199143145214,0.37895823436940174,-0.5872087509983467
0.3723501728805856,-0.8236832089534504,1.2292633165965194,0.059947046682029576,-1.391638279665349,-1.5675482003999628,-0.20752576039789644,-1.779257800939539
0.38071759249587966,-1.1219506011242117,-1.0381276030053912,-0.7880707069294405,1.6675028589972412,0.4275790472301658,0.6353411152853504,1.0831315844130776
0.3890850121111737,-1.7113837808920083,1.1150149369266555,0.5169898325488256,-0.711829137740329,-0.3541752200377508,-1.1175871315893628,-0.8889001772180313
0.39745243172646777,-1.7113837808920083,-1.4599677740941186,-0.598064672829062,0.30788457514720113,1.0899322499413762,0.6907928834224184,1.016906637194122
0.40581985134176185,0.9517179349236655,1.211686642801156,3.512777373076509,-1.051733708702839,-1.4586350671893626,-3.1823500275170926,-1.5143580120637188
0.4141872709570559,-1.7113837808920083,-0.27354229290707255,-0.5907234744957225,-1.051733708702839,0.49696074690537667,-0.12076005260720575,-0.8447502124053944
0.42255469057234996,0.3587339528690059,-0.0362571966696632,-0.5075045316849118,-1.051733708702839,0.48243899581059174,-0.39540939832148736,0.43559876716107154
0.430922110187644,0.9517179349236655,-1.556639479968619,-0.6273978141759161,0.6477891461097112,0.6784826355899014,0.7318924292182039,1.8631142961029934
0.43928952980293806,-0.2342500291856537,-0.0011038490789360268,-0.19527640630408727,-1.391638279665349,-0.4590545334999589,0.9334759157400809,-0.6755086806236201
0.44765694941823214,0.3587339528690059,-0.06262220736270874,0.3182740602395112,-0.032019995815308906,0.1371440253350409,-1.0673543533944108,-0.5357004587169372
0.45602436903352617,0.06401736298510753,-0.1329289025441634,0.955211982330549,-0.37192456677781893,-0.8212915469190433,-1.2898137996856787,-0.9992750892496232
0.46439178864882025,-0.8236832089534504,-0.15929391323720876,-0.6303115421565472,0.30788457514720113,1.0487872885063434,0.6601313175117919,1.1052065668193958
0.4727592082641143,0.9517179349236655,-1.2138943409590277,0.843648645941754,-0.37192456677781893,-0.48729127173956366,-1.3387418303946381,-0.4621171840292092
0.48112662787940835,0.06401736298510753,1.308358348675656,-0.46821830815603116,0.9876937170722212,0.052433810615653345,0.7736443487569856,0.19277396069156955
0.48949404749470243,-1.1219506011242117,-0.17687058703257252,-0.21256354727362528,-0.032019995815308906,0.7930431164485372,0.08343292888572927,0.008815773972249726
0.49786146710999646,0.3587339528690059,0.007684487818745923,0.5547381979063882,-0.37192456677781893,-0.13876924546529912,-1.2069623343511116,-1.0507833815310326
0.5062288867252905,-1.1219506011242117,1.4929134235269745,-0.4768642188252659,0.30788457514720113,0.4275790472301658,0.3437300522587285,0.22956559803543353
0.5145963063405846,0.9517179349236655,-0.04504553356734515,-0.5499967286036433,0.30788457514720113,0.83418807788357,0.5929368220044995,0.1559823233477056
0.5229637259558787,-0.5289666190695521,-0.009892185976617665,-0.19527640630408727,-1.391638279665349,-0.4590545334999589,0.9334759157400809,-1.1022916738124422
0.5313311455711727,0.6534505427529043,-0.6074990950189818,-0.6594588173270164,-1.051733708702839,0.44936167387234316,-0.18925929559956353,5.851327784177848
0.5396985651864667,-0.8236832089534504,-0.0011038490789360268,-0.5015481672573135,1.3275982880347312,0.033878239772189685,0.7527683889875948,-0.8447502124053944
0.5480659848017608,-1.4166671910081101,-0.4141556832699817,-0.46934929154344895,0.30788457514720113,-0.3130302586024314,0.2615309606671575,0.18541563322279667
0.5564334044170549,0.9517179349236655,-0.3965790094746181,-0.7248676077722559,-1.051733708702839,0.37755968234838366,-0.22970646765327987,-0.6387170432797561
0.564800824032349,0.06401736298510753,0.8601531668938829,-0.5472607753141258,0.9876937170722212,0.3243132616676012,0.4291910125643537,0.22220727056666062
0.573168243647643,-1.7113837808920083,-1.4248144265033915,-0.8412787433751309,0.9876937170722212,-0.10569192352733717,0.4996473767857003,0.8623817603498939
0.581535663262937,-0.5289666190695521,0.12193286748860971,-0.4940439492942384,0.30788457514720113,-1.1924029637854503,0.42658151759329577,-0.2928756522474349
0.5899030828782311,0.9517179349236655,0.3064879423399278,0.8735966608409597,-0.37192456677781893,-0.4687357008963866,-1.3694033963052648,-0.7564502827801209
0.5982705024935252,-1.4166671910081101,-1.556639479968619,-0.69451533592262,0.6477891461097112,-1.036697521491495,0.33133495114550776,0.44295709462984445
0.6066379221088193,0.9517179349236655,-1.3281427206288914,0.37313195053207254,-0.37192456677781893,0.09922611969872178,-1.105192030476142,-0.5062671488418458
0.6150053417241133,0.3587339528690059,-1.354507731321937,-0.7136019597539233,0.6477891461097112,-0.25978383792164894,0.4892093969005413,0.5459736791926634
0.6233727613394073,0.6534505427529043,-1.143587645777573,-0.5522149854923551,1.6675028589972412,0.9802123527808109,0.29480202154976903,0.5018237143800266
0.6317401809547014,-0.8236832089534504,-1.3808727420149824,0.2950316654383927,-1.051733708702839,-1.438465968446542,1.0202416235316987,-0.9109751596243494
0.6401076005699955,0.9517179349236655,1.3874533807547924,0.7098178593987761,-0.711829137740329,1.428773108819213,-0.9734125344326153,-1.0655000364685783
0.6484750201852896,-0.8236832089534504,-0.23838894531634522,-0.5557780948301723,0.9876937170722212,-0.1355421896665854,0.7358066716752544,-0.2634423423723438
0.6568424398005835,0.06401736298510753,1.0886499262336105,-0.2900178621264591,-0.37192456677781893,0.48889310740830577,0.20086020258797357,1.27444809860117
0.6652098594158776,-0.8236832089534504,-1.0381276030053912,-0.7880707069294405,1.6675028589972412,0.4275790472301658,0.6353411152853504,1.3480313732888978
0.6735772790311717,-0.5289666190695521,0.13072120438629134,-0.4940439492942384,0.30788457514720113,-1.1924029637854503,0.42658151759329577,-0.3738172544039357
0.6819446986464658,1.5411511146914623,-0.09777555495343591,-0.6030492657412032,0.6477891461097112,0.7567387387115749,0.6157699030019521,0.95804001744394
0.6903121182617599,0.6534505427529043,-0.33506065119084527,-0.6303115421565472,0.30788457514720113,1.0487872885063434,0.6601313175117919,0.4797487319737084
0.6986795378770538,-0.2342500291856537,1.7565635304574292,-0.4708459783338264,-1.391638279665349,0.25331803409303355,0.08799954508577604,-0.0721258281842511
0.7070469574923479,-1.1219506011242117,-1.2578360254474368,-0.8150278946859031,0.9876937170722212,-0.9350452638282873,0.24456924335481706,1.2082231513822148
0.715414377107642,-0.2342500291856537,-0.018680522874299613,-0.5459459882857843,0.30788457514720113,-0.9915187403077834,0.041681009347874574,-0.9919167617808503
0.7237817967229361,-1.7113837808920083,-0.44930903086070906,-0.5557780948301723,0.9876937170722212,-0.1355421896665854,0.7358066716752544,0.3325821825982525
0.7321492163382302,1.246434524807564,0.7634814610193826,-0.5936598903664287,0.6477891461097112,0.8527436487270337,0.5244375790112146,0.008815773972249726
0.7405166359535241,0.06401736298510753,0.0428378354094731,0.8692034603082249,-0.37192456677781893,-0.48729127173956366,-1.3596177901640292,-1.1905916034377155
0.7488840555688182,-1.4166671910081101,-0.4580973677583908,0.04803352454396345,-0.032019995815308906,1.8337686115729737,0.07821393894361332,-0.285517324778662
0.7572514751841123,-1.1219506011242117,1.5104900973223376,-0.4100088770670179,-0.032019995815308906,0.08067054885554474,0.8114820258387169,-0.6975836630299386
0.7656188947994064,0.6534505427529043,-0.08898721805575427,2.378364623812713,-1.391638279665349,-2.216993179915745,-1.9278353201329943,-1.5658663043451282
0.7739863144147004,0.06401736298510753,1.361088370061747,-0.7632646405324217,2.007407429959751,1.0286181897635227,0.4715953058452047,0.5974819714740732
0.7823537340299944,-0.2342500291856537,-1.3369310575265734,-0.7358821024340222,-0.032019995815308906,-0.1670059837051905,0.4278862650783612,-0.079484155653024
0.7907211536452885,-1.4166671910081101,1.7829285411504745,-0.49350197843761784,-1.391638279665349,0.26299920148974787,0.07103782777343566,-0.16778408527829722
0.7990885732605826,1.246434524807564,-0.10656389185111786,0.955211982330549,-0.37192456677781893,-0.8212915469190433,-1.2898137996856787,-1.0875750188748967
0.8074559928758767,1.246434524807564,1.8092935518435196,-0.5110131424895763,-1.391638279665349,0.20813925290932198,0.056685605431226166,0.030890756378567898
0.8158234124911707,0.9517179349236655,0.201027899567746,0.4301158389155925,-0.37192456677781893,-0.226706515983687,-1.0882303131638016,-0.6313587158109835
0.8241908321064647,-0.2342500291856537,-0.1329289025441634,-0.6303115421565472,0.30788457514720113,1.0487872885063434,0.6601313175117919,1.2523731161948517
0.8325582517217588,1.246434524807564,-0.29111896670243614,-0.7249854896067023,-1.051733708702839,0.37594615444902685,-0.23296833636640701,0.8991733976937578
0.8409256713370529,-1.1219506011242117,-0.6514407795073909,1.5833960279537775,-1.391638279665349,-1.164166225545559,2.1468910773283936,-0.9772001068433047
0.849293090952347,0.9517179349236655,-0.1153522287487998,-0.6303115421565472,0.30788457514720113,1.0487872885063434,0.6601313175117919,1.1052065668193958
0.857660510567641,0.3587339528690059,1.106226600028974,0.14346069407895645,-1.391638279665349,-1.6296690245274945,-0.2492776799366782,-1.389266445094581
0.866027930182935,1.5411511146914623,-0.1153522287487998,0.4439316533753447,-0.711829137740329,-1.2174126462263413,1.198992029055196,-0.9772001068433047
0.8743953497982291,0.06401736298510753,0.31527627923760976,-0.4332027229565071,-0.032019995815308906,0.4211249356327384,0.3117637388621094,0.31050720019193434
0.8827627694135232,1.5411511146914623,1.554431781810747,-0.607144191914908,1.6675028589972412,0.13553049743568404,0.47811904327331317,2.9447884340125943
0.8911301890288172,0.6534505427529043,-0.8272075174610274,-0.7766838928855806,0.30788457514720113,-0.18475479059868913,0.4768142957882477,0.3546571650045707
0.8994976086441113,0.3587339528690059,-1.2314710147543915,-0.40134099246229066,0.6477891461097112,0.2404098108978921,0.9041190973145198,0.2663572353792975
0.9078650282594053,-0.2342500291856537,-0.18565892393025432,0.5335028087657642,-0.711829137740329,1.1431786706221585,-0.9942884942020063,-0.785883592655212
0.9162324478746994,0.3587339528690059,-0.38779067257693617,-0.6610066708624935,0.9876937170722212,-0.23961473917911505,0.6268602566291802,0.2957905452543886
0.9245998674899935,-1.4166671910081101,-0.18565892393025432,-0.2626708631006247,-0.711829137740329,0.7196275970249342,0.07495207022955908,-0.035334190840387136
0.9329672871052875,0.6534505427529043,-0.9326675602332094,-0.5587314869542914,2.007407429959751,1.1617342414653355,0.27784030423742867,0.8697400878186662
0.9413347067205816,0.3587339528690059,1.4841250866292925,-0.6435169254480185,0.30788457514720113,-1.0818763026752065,0.3496014159438407,-0.8153169025303033
0.9497021263358756,-1.4166671910081101,-0.3702139987815726,2.4698571103136926,-1.391638279665349,-2.434819446337232,-1.926530572647929,-1.426058082438445
0.9580695459511697,-0.8236832089534504,-0.07141054426039069,-0.09450861850500444,-0.032019995815308906,1.5885123708615603,0.048857120518052244,-0.020617535902841343
0.9664369655664637,-0.5289666190695521,-0.4229440201676635,-0.7111014528201506,-1.051733708702839,0.39127466949349016,-0.2316635888813416,-0.35910059946638995
0.9748043851817578,0.9517179349236655,0.956824872768383,-0.7034450832026552,0.6477891461097112,0.5873183092727998,0.7175402068769214,0.3325821825982525
0.9831718047970519,-1.7113837808920083,-0.46688570465607265,0.4987736780105108,-0.711829137740329,-0.3961269454224621,-1.0869255656778092,-0.4915504939043003
0.9915392244123459,-0.2342500291856537,1.659891824582929,-0.4720559726950724,1.3275982880347312,0.09035171625197247,0.7553778839586527,0.008815773972249726
0.99990664402764,1.246434524807564,-1.1963176671636642,-0.8150278946859031,0.9876937170722212,-0.9350452638282873,0.24456924335481706,1.77481436647772
1.008274063642934,0.9517179349236655,-1.249047688549755,-0.2590449257595225,-0.37192456677781893,0.51228926194984,1.0665601592696001,-0.09420081059056927
1.016641483258228,-1.1219506011242117,-0.15929391323720876,0.3282821169244121,-0.37192456677781893,0.08067054885554474,-1.0699638483654688,-1.0581417089998053
1.025008902873522,-0.5289666190695521,-0.3614256618838908,2.4698571103136926,-1.391638279665349,-2.434819446337232,-1.926530572647929,-1.3819081176258083
1.0333763224888162,-0.2342500291856537,1.255628327289565,0.057823428439680274,-1.391638279665349,-1.5877172991427833,-0.18925929559956353,-1.852841075627267
1.0417437421041102,0.6534505427529043,0.6931747658379283,2.725564703835224,-1.391638279665349,-1.6756545696608844,-2.4458200719079346,-1.6468079065016288
1.0501111617194043,0.06401736298510753,1.941118605308747,-0.36980649115185055,-0.711829137740329,0.543753055988445,0.09060904005683401,0.11919068600384163
1.0584785813346984,-1.4166671910081101,-0.8711492019494366,-0.7766838928855806,0.30788457514720113,-0.18475479059868913,0.4768142957882477,0.030890756378567898
1.0668460009499925,-0.8236832089534504,1.0798615893359285,-0.05596189326731464,0.30788457514720113,1.6966187401224821,0.0808234339146713,-1.1170083287499877
1.0752134205652866,1.5411511146914623,0.8425764930985192,-0.5920143837096841,0.6477891461097112,-0.38079843037799876,0.47420480081626265,-0.10891746552811507
1.0835808401805807,-1.1219506011242117,-1.1084342981868458,0.6214160029583837,-0.711829137740329,1.2133671342467611,-1.0360404137398609,-0.1751424127470701
1.0919482597958745,-1.1219506011242117,1.1941099690057921,-0.3831756873559275,0.30788457514720113,-0.025822292506020177,0.8578005615766183,-0.5209838037793916
1.1003156794111686,-0.8236832089534504,1.211686642801156,-0.6550134187814515,1.6675028589972412,-0.0290493483050205,0.6490409638845637,-0.12363412046566087
1.1086830990264627,0.6534505427529043,-1.407237752708028,-0.598064672829062,0.30788457514720113,1.0899322499413762,0.6907928834224184,0.9138900526313031
1.1170505186417568,0.6534505427529043,1.3962417176524742,-0.6449359498454464,-1.391638279665349,0.3049509268744591,-0.046389445928808656,0.3620154924733436
1.1254179382570508,-0.5289666190695521,-0.4141556832699817,-0.26480995035893445,-0.711829137740329,0.37755968234838366,1.0535126844133833,-0.0721258281842511
1.133785357872345,-1.7113837808920083,-1.055704276800755,-0.7880707069294405,1.6675028589972412,0.4275790472301658,0.6353411152853504,1.1419982041632597
1.142152777487639,-0.5289666190695521,1.3874533807547924,-0.41298329118718563,1.3275982880347312,1.064922567500485,0.17019863667734705,0.6342736088179372
1.150520197102933,1.246434524807564,1.4841250866292925,1.5875845615061142,-1.391638279665349,2.337189316191515,-1.1652104148123297,0.23692392550420643
1.1588876167182272,-1.7113837808920083,-1.556639479968619,-0.7127298245669085,-1.391638279665349,0.16699429147428912,-0.10836495149398505,-0.0059008809652960695
1.1672550363335212,0.9517179349236655,-0.3965790094746181,0.4987736780105108,-0.711829137740329,-0.3961269454224621,-1.0869255656778092,-0.5283421312481642
1.175622455948815,1.5411511146914623,-0.027468859771981564,4.28700796815416,-1.051733708702839,-0.9552143625708212,-3.9032230132989754,-1.9705743151276318
1.1839898755641092,-1.1219506011242117,-1.152375982675255,-0.6538435645334153,0.6477891461097112,0.5502071675861591,0.7697301062999351,1.1567148591008056
1.1923572951794033,-1.4166671910081101,-0.8711492019494366,-0.7766838928855806,0.30788457514720113,-0.18475479059868913,0.4768142957882477,0.6637069186930282
1.2007247147946973,-0.5289666190695521,-0.3965790094746181,-0.46934929154344895,0.30788457514720113,-0.3130302586024314,0.2615309606671575,0.31786552766070675
1.2090921344099914,-1.1219506011242117,-1.205106004061346,0.869723060587918,-0.37192456677781893,-0.4671221729970298,-1.3667939013342068,-0.6902253355611656
1.2174595540252855,-1.1219506011242117,0.06041450920483668,1.2621727887844494,-0.37192456677781893,-0.6131464478942706,-1.6368766308493687,-0.9036168321555768
1.2258269736405796,1.246434524807564,-1.1963176671636642,0.843648645941754,-0.37192456677781893,-0.48729127173956366,-1.3387418303946381,-0.4915504939043003
1.2341943932558737,0.9517179349236655,-0.48446237845143636,0.21914701939995437,-1.051733708702839,-1.3706977966709746,0.9824039464490404,-0.5798504235295737
1.2425618128711677,0.3587339528690059,-1.2226826778567095,-0.5553164835282586,0.30788457514720113,0.9535891424405629,0.6881833884513604,1.671797781914901
1.2509292324864618,-1.1219506011242117,-0.6514407795073909,-0.6920904288463355,-1.051733708702839,0.41467082403502437,-0.21992086151111714,0.5386153517238905
1.2592966521017557,0.9517179349236655,-1.556639479968619,-0.59093052132473,1.6675028589972412,-0.04034404360080508,0.7025356107926428,0.5091820418487994
1.2676640717170498,0.06401736298510753,-1.4599677740941186,-0.706260682092297,0.6477891461097112,-0.26785147741871984,0.4911665181295301,0.5238986967863453
1.2760314913323438,1.246434524807564,-1.0644926136984367,1.0511849304799372,-1.391638279665349,-1.1278618478085967,1.7143672858590786,-0.9772001068433047
1.284398910947638,-1.7113837808920083,1.3347233593687011,-0.7905725941754065,2.007407429959751,1.127043391628017,0.44745747736268665,0.6710652461618011
1.292766330562932,-0.2342500291856537,2.0817319956716562,-0.6367528404024301,1.3275982880347312,0.35658381965588476,0.4937760131005881,1.8631142961029934
1.301133750178226,0.9517179349236655,-0.05383387046502679,-0.09240610158699071,-0.032019995815308906,1.5885123708615603,0.04689999928999053,0.14862399587893269
1.3095011697935202,1.246434524807564,1.28199333798261,-0.7726100680362116,2.007407429959751,1.0318452455622364,0.4892093969005413,0.7372901933807562
1.3178685894088142,0.9517179349236655,1.545643444913065,-0.37264168412837523,0.9876937170722212,0.8148257430907145,0.215212424929256,-0.35910059946638995
1.3262360090241083,-0.8236832089534504,-0.0362571966696632,0.9341273169351794,-0.032019995815308906,-0.5816826538556655,-1.3791890024474274,-0.6240003883422106
1.3346034286394024,-1.4166671910081101,-0.3086956404977999,0.5693060445266737,-1.051733708702839,-1.4118427581060076,1.2511819284782097,-0.9698417793745319
1.3429708482546963,-1.1219506011242117,-0.23838894531634522,0.5905461933645161,-0.711829137740329,-0.3541752200377508,-1.1776055159255503,-1.2568165506566709
1.3513382678699903,0.9517179349236655,0.0428378354094731,-0.5815034650136419,-1.051733708702839,0.5171298456479105,-0.14163601237659662,0.3767321474108894
1.3597056874852844,-1.7113837808920083,0.2186045733631096,0.8735966608409597,-0.37192456677781893,-0.4687357008963866,-1.3694033963052648,-1.1170083287499877
1.3680731071005785,-1.4166671910081101,-0.15929391323720876,-0.6303115421565472,0.30788457514720113,1.0487872885063434,0.6601313175117919,0.30314887272316143
1.3764405267158726,1.246434524807564,-1.1963176671636642,-0.6116126749919829,0.30788457514720113,-1.0584801481336723,0.4044008103379123,1.0095483097253497
1.3848079463311667,-0.5289666190695521,1.4226067283455195,-0.7348024444482779,0.9876937170722212,-0.2218659322853298,0.5609705086078804,0.2589989079105246
1.3931753659464607,-0.2342500291856537,-1.556639479968619,-0.6424570202057313,-1.051733708702839,0.46549695286648496,-0.18077843694339335,1.0463399470692136
1.4015427855617548,0.3587339528690059,-1.0820692874938003,-0.5499967286036433,0.30788457514720113,0.83418807788357,0.5929368220044995,0.8476651054123481
1.409910205177049,0.3587339528690059,0.35042962682833695,0.058784093994960485,-1.391638279665349,-0.5953976410007721,1.092655108981107,-1.0434250540622598
1.418277624792343,0.9517179349236655,-0.2647539560093908,0.5023918411794892,-0.711829137740329,-0.3678902071828573,-1.1006254142760954,-0.5504171136544826
1.4266450444076368,0.6534505427529043,-1.2138943409590277,-0.8204326895341567,1.3275982880347312,-0.8608229804550059,0.27392606178037815,1.3848230106327617
1.435012464022931,0.6534505427529043,1.7214101828667014,-0.39346670804047207,1.3275982880347312,0.14037108113404123,0.8467102079493902,-0.04269251830916004
1.443379883638225,0.6534505427529043,-1.556639479968619,-0.6273978141759161,0.6477891461097112,0.6784826355899014,0.7318924292182039,2.3340472541044526
1.451747303253519,0.6534505427529043,-0.3174839773954817,-0.6303115421565472,0.30788457514720113,1.0487872885063434,0.6601313175117919,1.127281549225714
1.4601147228688132,0.9517179349236655,-0.8535725281540729,-0.7546807645836022,1.6675028589972412,1.12542986372866,0.4207101539081835,0.6857819010993463
1.4684821424841072,-0.5289666190695521,-0.12414056564648145,1.940114709130548,-1.391638279665349,-2.9818054042398416,-1.1345488489017033,-0.6387170432797561
1.4768495620994013,-1.7113837808920083,1.000766557256792,-0.4583360661342743,-0.032019995815308906,0.7599657945102886,0.36069176957106885,0.17069897828525085
1.4852169817146954,-1.4166671910081101,-0.14171723944184503,2.366125855698045,-1.391638279665349,-2.1024326990571094,-1.953277896101505,-1.8454827481584943
1.4935844013299895,-0.5289666190695521,0.05162617230715504,-0.7940755647388671,2.007407429959751,1.127043391628017,0.4500669723337446,0.6342736088179372
1.5019518209452836,-1.1219506011242117,-1.556639479968619,-0.7127298245669085,-1.391638279665349,0.16699429147428912,-0.10836495149398505,1.27444809860117
1.5103192405605774,0.3587339528690059,-0.1329289025441634,0.8088861973059703,-0.37192456677781893,-0.6946296068149446,-1.2226193041783864,-0.9109751596243494
1.5186866601758715,1.246434524807564,-0.6426524426097091,0.9265958893696716,-0.032019995815308906,-0.7632045425401903,-1.2937280421418023,-0.785883592655212
1.5270540797911656,0.3587339528690059,2.0377903111832474,-0.7627603506121149,1.3275982880347312,-0.11860014672276523,0.5831512158623368,2.1868807047289964
1.5354214994064597,1.246434524807564,1.3259350224710194,-0.560101724455229,1.6675028589972412,0.20007161341225108,0.6614360649968573,0.04560741131611369
1.5437889190217537,1.5411511146914623,-1.0117625923123459,0.6789417035419503,-1.051733708702839,-1.4102292302066506,1.3379476362698275,-0.4915504939043003
1.5521563386370478,-0.2342500291856537,2.1959803753415206,-0.5077674256279505,0.6477891461097112,0.8261204383864991,0.3509061634298332,-0.1972173951533888
1.560523758252342,-0.5289666190695521,-0.07141054426039069,-0.09240610158699071,-0.032019995815308906,1.5885123708615603,0.04689999928999053,0.17069897828525085
1.568891177867636,1.246434524807564,1.308358348675656,2.4214049791944485,-1.051733708702839,-1.0963980537699916,-2.417768000967439,-0.9772001068433047
1.57725859748293,-0.8236832089534504,0.3064879423399278,-0.45323184616537293,-0.032019995815308906,0.40095583688991787,0.33003020366044233,0.3325821825982525
1.5856260170982241,-1.7113837808920083,1.7038335090713381,-0.13108998543286207,-1.051733708702839,0.23798951904857021,1.1265785436057878,-0.44740052909166367
1.593993436713518,0.9517179349236655,-0.40536734637229993,0.06421808165282117,-0.032019995815308906,1.8176333325788319,0.045595251803998,-0.42532554668534495
1.602360856328812,0.9517179349236655,-0.2647539560093908,0.5023918411794892,-0.711829137740329,-0.3678902071828573,-1.1006254142760954,-1.1022916738124422
1.6107282759441062,-0.8236832089534504,-0.44052069396302723,-0.7248676077722559,-1.051733708702839,0.37755968234838366,-0.22970646765327987,-0.05005084577793294
1.6190956955594002,0.3587339528690059,0.7986348086101102,-0.4768642188252659,0.30788457514720113,0.4275790472301658,0.3437300522587285,-0.182500740215843
1.6274631151746943,-0.2342500291856537,-0.8887258757448002,0.8655860904221162,-0.37192456677781893,-0.4824506880414931,-1.3583130426780365,-0.7564502827801209
1.6358305347899884,-1.1219506011242117,-0.44052069396302723,-0.7111014528201506,-1.051733708702839,0.39127466949349016,-0.2316635888813416,-0.6975836630299386
1.6441979544052825,-1.7113837808920083,1.1589566214150648,-0.7313621352986996,1.6675028589972412,1.1698018809624064,0.41092454776602083,0.12654901347261452
1.6525653740205766,0.6534505427529043,-0.1153522287487998,-0.6303115421565472,0.30788457514720113,1.0487872885063434,0.6601313175117919,0.23692392550420643
1.6609327936358707,-1.7113837808920083,0.46467800649820074,-0.7559122569106187,0.6477891461097112,-1.0003931437545328,0.27979742546549036,-0.05740917324670531
1.6693002132511647,0.06401736298510753,-1.3896610789126642,-0.564616773236759,0.9876937170722212,0.3146320942711735,0.4500669723337446,0.18541563322279667
1.6776676328664586,-0.5289666190695521,-1.099645961289164,1.0511849304799372,-1.391638279665349,-1.1278618478085967,1.7143672858590786,-1.1537999660938516
1.6860350524817527,0.9517179349236655,0.06920284610251863,0.8661524943911253,-0.37192456677781893,-0.4622815892986726,-1.3654891538491414,-0.7270169729050296
1.6944024720970468,-0.5289666190695521,-0.35263732498620903,2.378364623812713,-1.391638279665349,-2.216993179915745,-1.9278353201329943,-1.6615245614391745
1.7027698917123408,-1.7113837808920083,-1.0644926136984367,-0.7880707069294405,1.6675028589972412,0.4275790472301658,0.6353411152853504,0.884456742756212
1.711137311327635,0.3587339528690059,0.09556785679556416,-0.5496784635162953,0.9876937170722212,0.8228933825877854,0.42397202262223777,0.19277396069156955
1.719504730942929,-0.5289666190695521,-0.8447841912563911,-0.7766838928855806,0.30788457514720113,-0.18475479059868913,0.4768142957882477,1.0684149294755318
1.727872150558223,1.246434524807564,-0.9853975816193004,-0.7880707069294405,1.6675028589972412,0.4275790472301658,0.6353411152853504,1.9072642609156303
